{"start": "20121004020949", "threads": [{"content": [{"retweet_history": [{"followers_count": 481, "retweet_time": "20121004021518", "id": "42040362", "profile_image_url": "http://a0.twimg.com/profile_images/2630690092/aba2593607fb125da465f6064beb1457_normal.jpeg", "screen_name": "DearDeborah"}], "creator": {"creator_img": "http://a0.twimg.com/profile_images/2760838140/f3c213b8010718679d73c9bdc4a3e446_normal.png", "id": "18455058", "creator": "PaulPimentel"}, "text": "Was Jim Lehrer a repacement ref? #p2 #wiunion #1u #ctl #p2 #2012debate", "created_at": "20121004015349", "rank": 5571, "retweet_count": 3, "id": "253674252593676288"}, {"retweet_history": [{"followers_count": 1145, "retweet_time": "20121004022312", "id": "16132362", "profile_image_url": "http://a0.twimg.com/profile_images/1304833930/CabaretArtist4_normal.png", "screen_name": "CabaretArtist"}], "creator": {"creator_img": "http://a0.twimg.com/profile_images/1304833930/CabaretArtist4_normal.png", "id": "16132362", "creator": "CabaretArtist"}, "text": "Oh, the Zinger .... #debate #p2", "created_at": "20121004022312", "rank": 0, "retweet_count": 0, "id": "253681646572802048"}, {"retweet_history": [{"followers_count": 1283, "retweet_time": "20121004024017", "id": "107156426", "profile_image_url": "http://a0.twimg.com/profile_images/1504258316/BSred_normal.jpg", "screen_name": "Barkingskwerl"}], "creator": {"creator_img": "http://a0.twimg.com/profile_images/1504258316/BSred_normal.jpg", "id": "107156426", "creator": "Barkingskwerl"}, "text": "Go @theRevAl  yes! #p2", "created_at": "20121004024017", "rank": 0, "retweet_count": 0, "id": "253685946250313731"}, {"retweet_history": [{"followers_count": 321, "retweet_time": "20121004024118", "id": "28730113", "profile_image_url": "http://a0.twimg.com/profile_images/359944912/My_IMBA_Pic_normal.jpg", "screen_name": "jonmanderson"}], "creator": {"creator_img": "http://a0.twimg.com/profile_images/359944912/My_IMBA_Pic_normal.jpg", "id": "28730113", "creator": "jonmanderson"}, "text": "Romney won. #tcot #p2", "created_at": "20121004024118", "rank": 0, "retweet_count": 0, "id": "253686200827801601"}, {"retweet_history": [{"followers_count": 16160, "retweet_time": "20121004030100", "id": "41410702", "profile_image_url": "http://a0.twimg.com/profile_images/1866061971/72ed18c9-1f52-4772-a367-b72e465b4b55_normal.png", "screen_name": "RBPundit"}], "creator": {"creator_img": "http://a0.twimg.com/profile_images/1866061971/72ed18c9-1f52-4772-a367-b72e465b4b55_normal.png", "id": "41410702", "creator": "RBPundit"}, "text": "Where\u2019s your Obama now? #p2", "created_at": "20121004030100", "rank": 48480, "retweet_count": 3, "id": "253691158620946432"}, {"retweet_history": [{"followers_count": 91, "retweet_time": "20121004030544", "id": "476317950", "profile_image_url": "http://a0.twimg.com/profile_images/1786310685/eye_normal.jpg", "screen_name": "Son_0f_A_Man"}], "creator": {"creator_img": "http://a0.twimg.com/profile_images/1786310685/eye_normal.jpg", "id": "476317950", "creator": "Son_0f_A_Man"}, "text": "#TeamObama all day!  #p2", "created_at": "20121004030544", "rank": 0, "retweet_count": 0, "id": "253692352936423424"}, {"retweet_history": [{"followers_count": 211, "retweet_time": "20121004033722", "id": "16352184", "profile_image_url": "http://a0.twimg.com/profile_images/151493823/possibletwitter_normal.jpg", "screen_name": "lizap"}], "creator": {"creator_img": "http://a0.twimg.com/profile_images/151493823/possibletwitter_normal.jpg", "id": "16352184", "creator": "lizap"}, "text": "I vote for #BigBird. #debate #p2", "created_at": "20121004033722", "rank": 0, "retweet_count": 0, "id": "253700311213039619"}, {"retweet_history": [{"followers_count": 887, "retweet_time": "20121004035005", "id": "246628461", "profile_image_url": "http://a0.twimg.com/profile_images/1797155843/funny_photo_20120127075735_normal.jpg", "screen_name": "Fleckman"}], "creator": {"creator_img": "http://a0.twimg.com/profile_images/1797155843/funny_photo_20120127075735_normal.jpg", "id": "246628461", "creator": "Fleckman"}, "text": "That all you got #ForeHead of #p2 @PaulBegala? #p2 Desperation. #tcot", "created_at": "20121004035005", "rank": 0, "retweet_count": 0, "id": "253703512649760768"}, {"retweet_history": [{"followers_count": 779, "retweet_time": "20121004044246", "id": "374941126", "profile_image_url": "http://a0.twimg.com/profile_images/2493359474/Bonsai_normal.png", "screen_name": "zanshi1"}], "creator": {"creator_img": "http://a0.twimg.com/profile_images/2493359474/Bonsai_normal.png", "id": "374941126", "creator": "zanshi1"}, "text": "@sNapPpeRHeaD I can. Pure... pwnage! #p2", "created_at": "20121004044246", "rank": 0, "retweet_count": 0, "id": "253716769364135936"}, {"retweet_history": [{"followers_count": 620, "retweet_time": "20121004060021", "id": "299505496", "profile_image_url": "http://a0.twimg.com/profile_images/2553308454/ncz8li54e2a0wxejm5gu_normal.jpeg", "screen_name": "bfinstock"}], "creator": {"creator_img": "http://a0.twimg.com/profile_images/2553308454/ncz8li54e2a0wxejm5gu_normal.jpeg", "id": "299505496", "creator": "bfinstock"}, "text": "What the hell happened to #p2", "created_at": "20121004060021", "rank": 0, "retweet_count": 0, "id": "253736295497625600"}], "start": "20121004020949", "end": "20121004060021", "name": "p2"}, {"content": [{"retweet_history": [{"followers_count": 2321, "retweet_time": "20121004035255", "id": "18338516", "profile_image_url": "http://a0.twimg.com/profile_images/2564016701/cs03tdrdqvx420lrirv7_normal.jpeg", "screen_name": "Sil_Lai"}, {"followers_count": 840, "retweet_time": "20121004035458", "id": "97973012", "profile_image_url": "http://a0.twimg.com/profile_images/2783695033/0b2c36c8572e24f2f9c4bf326e074a15_normal.jpeg", "screen_name": "GoldenDiva1"}, {"followers_count": 531, "retweet_time": "20121004040116", "id": "16882376", "profile_image_url": "http://a0.twimg.com/profile_images/2515863189/image_normal.jpg", "screen_name": "jeanenecannon"}], "creator": {"creator_img": "http://a0.twimg.com/profile_images/2564016701/cs03tdrdqvx420lrirv7_normal.jpeg", "id": "18338516", "creator": "Sil_Lai"}, "text": "Pls sign the #TruthInReality 's petition asking Vh1 to stop promoting violence against &amp; between blk women http://t.co/HkazgjY8", "created_at": "20121004035255", "rank": 9284, "retweet_count": 4, "id": "253704223169077248"}, {"retweet_history": [{"followers_count": 2321, "retweet_time": "20121004040424", "id": "18338516", "profile_image_url": "http://a0.twimg.com/profile_images/2564016701/cs03tdrdqvx420lrirv7_normal.jpeg", "screen_name": "Sil_Lai"}], "creator": {"creator_img": "http://a0.twimg.com/profile_images/2564016701/cs03tdrdqvx420lrirv7_normal.jpeg", "id": "18338516", "creator": "Sil_Lai"}, "text": "Thank you @jeanenecannon for following #TruthInReality !", "created_at": "20121004040424", "rank": 2321, "retweet_count": 1, "id": "253707116563558400"}, {"retweet_history": [{"followers_count": 531, "retweet_time": "20121004040521", "id": "16882376", "profile_image_url": "http://a0.twimg.com/profile_images/2515863189/image_normal.jpg", "screen_name": "jeanenecannon"}], "creator": {"creator_img": "http://a0.twimg.com/profile_images/2515863189/image_normal.jpg", "id": "16882376", "creator": "jeanenecannon"}, "text": "\u201c@Sil_Lai: Thank you @jeanenecannon for following #TruthInReality !\u201d Thank you for starting this! Let me know how else I can help. \ud83d\ude0a", "created_at": "20121004040521", "rank": 0, "retweet_count": 0, "id": "253707353701101568"}, {"retweet_history": [{"followers_count": 2321, "retweet_time": "20121004041445", "id": "18338516", "profile_image_url": "http://a0.twimg.com/profile_images/2564016701/cs03tdrdqvx420lrirv7_normal.jpeg", "screen_name": "Sil_Lai"}], "creator": {"creator_img": "http://a0.twimg.com/profile_images/2564016701/cs03tdrdqvx420lrirv7_normal.jpeg", "id": "18338516", "creator": "Sil_Lai"}, "text": "Thank YOU @dawnavette for following #TruthInReality.  Be sure to sign the petition!", "created_at": "20121004041445", "rank": 0, "retweet_count": 0, "id": "253709717585678336"}, {"retweet_history": [{"followers_count": 2321, "retweet_time": "20121004043608", "id": "18338516", "profile_image_url": "http://a0.twimg.com/profile_images/2564016701/cs03tdrdqvx420lrirv7_normal.jpeg", "screen_name": "Sil_Lai"}], "creator": {"creator_img": "http://a0.twimg.com/profile_images/2564016701/cs03tdrdqvx420lrirv7_normal.jpeg", "id": "18338516", "creator": "Sil_Lai"}, "text": "Thank YOU @Pjcares for taking a stand &amp; signing the #TruthInReality petition! Each signature counts!", "created_at": "20121004043608", "rank": 0, "retweet_count": 0, "id": "253715099708166146"}], "start": "20121004035255", "end": "20121004043608", "name": "TruthInReality"}, {"content": [{"retweet_history": [{"followers_count": 166, "retweet_time": "20121004025713", "id": "49275491", "profile_image_url": "http://a0.twimg.com/profile_images/2650738499/79d99876b92056e257832999d1e89b53_normal.jpeg", "screen_name": "AslandTheLion"}], "creator": {"creator_img": "http://a0.twimg.com/profile_images/2490262534/image_normal.jpg", "id": "341350977", "creator": "audballsss"}, "text": "DV vs. Antioch Friday! Battle of the Ratchets", "created_at": "20121004025657", "rank": 2226, "retweet_count": 7, "id": "253690139174400000"}, {"retweet_history": [{"followers_count": 173, "retweet_time": "20121004042209", "id": "546571909", "profile_image_url": "http://a0.twimg.com/profile_images/2048346684/i03wbjUq_normal", "screen_name": "AznInvn"}, {"followers_count": 458, "retweet_time": "20121004042302", "id": "859088119", "profile_image_url": "http://a0.twimg.com/profile_images/2675262352/775647e8fbd3102ccdbc0debb64aa9f8_normal.jpeg", "screen_name": "DVCompliments"}], "creator": {"creator_img": "http://a0.twimg.com/profile_images/2048346684/i03wbjUq_normal", "id": "546571909", "creator": "AznInvn"}, "text": "S/O to whoever is running @DVCompliments ! This is what i like to see from DV's student body. #respect", "created_at": "20121004042209", "rank": 458, "retweet_count": 1, "id": "253711581026848768"}, {"retweet_history": [{"followers_count": 458, "retweet_time": "20121004042652", "id": "859088119", "profile_image_url": "http://a0.twimg.com/profile_images/2675262352/775647e8fbd3102ccdbc0debb64aa9f8_normal.jpeg", "screen_name": "DVCompliments"}], "creator": {"creator_img": "http://a0.twimg.com/profile_images/2675262352/775647e8fbd3102ccdbc0debb64aa9f8_normal.jpeg", "id": "859088119", "creator": "DVCompliments"}, "text": "Request: S/O to Aja Kentera for being the prettiest, funniest, and best dancer at DV", "created_at": "20121004042652", "rank": 0, "retweet_count": 0, "id": "253712767037624320"}, {"retweet_history": [{"followers_count": 333, "retweet_time": "20121004043831", "id": "321583140", "profile_image_url": "http://a0.twimg.com/profile_images/2783146938/8da5dc4ecea1b28421c33fddbb0f7163_normal.jpeg", "screen_name": "tristman_"}], "creator": {"creator_img": "http://a0.twimg.com/profile_images/2783146938/8da5dc4ecea1b28421c33fddbb0f7163_normal.jpeg", "id": "321583140", "creator": "tristman_"}, "text": "@jehrred i would for you but you dont go to dv you know?", "created_at": "20121004043831", "rank": 0, "retweet_count": 0, "id": "253715699632074753"}, {"retweet_history": [{"followers_count": 458, "retweet_time": "20121004052231", "id": "859088119", "profile_image_url": "http://a0.twimg.com/profile_images/2675262352/775647e8fbd3102ccdbc0debb64aa9f8_normal.jpeg", "screen_name": "DVCompliments"}], "creator": {"creator_img": "http://a0.twimg.com/profile_images/2675262352/775647e8fbd3102ccdbc0debb64aa9f8_normal.jpeg", "id": "859088119", "creator": "DVCompliments"}, "text": "Request: S/O ally bonnell for being one of the nicest most prettiest girls at DV", "created_at": "20121004052231", "rank": 1832, "retweet_count": 4, "id": "253726775648067585"}, {"retweet_history": [{"followers_count": 458, "retweet_time": "20121004052500", "id": "859088119", "profile_image_url": "http://a0.twimg.com/profile_images/2675262352/775647e8fbd3102ccdbc0debb64aa9f8_normal.jpeg", "screen_name": "DVCompliments"}], "creator": {"creator_img": "http://a0.twimg.com/profile_images/2675262352/775647e8fbd3102ccdbc0debb64aa9f8_normal.jpeg", "id": "859088119", "creator": "DVCompliments"}, "text": "Request: S/O to Garrett Halverson for being the nicest person at DV", "created_at": "20121004052500", "rank": 3206, "retweet_count": 7, "id": "253727397503987712"}, {"retweet_history": [{"followers_count": 198, "retweet_time": "20121004053048", "id": "17140329", "profile_image_url": "http://a0.twimg.com/profile_images/2777494276/0c0cad86d16f59f14d0cb1e9b19d3e11_normal.jpeg", "screen_name": "Neilosophy"}], "creator": {"creator_img": "http://a0.twimg.com/profile_images/368699518/DSC01085_normal.JPG", "id": "48457019", "creator": "GlennGiangrande"}, "text": "Late night Food Network is dangerous, DV-R or live.", "created_at": "20121004053004", "rank": 1404, "retweet_count": 1, "id": "253728674912821248"}, {"retweet_history": [{"followers_count": 458, "retweet_time": "20121004053523", "id": "859088119", "profile_image_url": "http://a0.twimg.com/profile_images/2675262352/775647e8fbd3102ccdbc0debb64aa9f8_normal.jpeg", "screen_name": "DVCompliments"}], "creator": {"creator_img": "http://a0.twimg.com/profile_images/2675262352/775647e8fbd3102ccdbc0debb64aa9f8_normal.jpeg", "id": "859088119", "creator": "DVCompliments"}, "text": "S/O to the DV student council! You guys are doing a great job", "created_at": "20121004053523", "rank": 1832, "retweet_count": 4, "id": "253730011692023809"}, {"retweet_history": [{"followers_count": 458, "retweet_time": "20121004055952", "id": "859088119", "profile_image_url": "http://a0.twimg.com/profile_images/2675262352/775647e8fbd3102ccdbc0debb64aa9f8_normal.jpeg", "screen_name": "DVCompliments"}], "creator": {"creator_img": "http://a0.twimg.com/profile_images/2675262352/775647e8fbd3102ccdbc0debb64aa9f8_normal.jpeg", "id": "859088119", "creator": "DVCompliments"}, "text": "Request: S/O to Hannah law for being one of the prettiest and best dressed blondies at dv!", "created_at": "20121004055952", "rank": 1832, "retweet_count": 4, "id": "253736174399655937"}], "start": "20121004023437", "end": "20121004055952", "name": "dv"}, {"content": [{"retweet_history": [{"followers_count": 2321, "retweet_time": "20121004052300", "id": "18338516", "profile_image_url": "http://a0.twimg.com/profile_images/2564016701/cs03tdrdqvx420lrirv7_normal.jpeg", "screen_name": "Sil_Lai"}], "creator": {"creator_img": "http://a0.twimg.com/profile_images/2628769365/155fb9da4a4858e26aef0754497fff6f_normal.jpeg", "id": "39254522", "creator": "NFLPurpleOct"}, "text": "@NDVH @redbookmag @Sil_Lai  #SOS Need 100,000 signatures 2 get @nfl To Go #PURPLE For #DVAM Help STOP #VAW\nhttp://t.co/uEx1qrAk", "created_at": "20121004050707", "rank": 2321, "retweet_count": 1, "id": "253722898169204737"}], "start": "20121004052300", "end": "20121004050707", "name": "DVAM"}, {"content": [{"retweet_history": [{"followers_count": 125, "retweet_time": "20121004015643", "id": "27380989", "profile_image_url": "http://a0.twimg.com/profile_images/113545426/n1387920011_14056_9083_normal.jpg", "screen_name": "MCaravella"}], "creator": {"creator_img": "http://a0.twimg.com/profile_images/113545426/n1387920011_14056_9083_normal.jpg", "id": "27380989", "creator": "MCaravella"}, "text": "#Debates. I hate the #debates. #Debates.", "created_at": "20121004015643", "rank": 0, "retweet_count": 0, "id": "253674983367274497"}, {"retweet_history": [{"followers_count": 9, "retweet_time": "20121004020053", "id": "860590038", "profile_image_url": "http://a0.twimg.com/profile_images/2678387170/caa1a44a06ee6744d545c9e63f8f4385_normal.gif", "screen_name": "2012DebateHighh"}], "creator": {"creator_img": "http://a0.twimg.com/profile_images/2678387170/caa1a44a06ee6744d545c9e63f8f4385_normal.gif", "id": "860590038", "creator": "2012DebateHighh"}, "text": "#debates #debates #debates #debates #debates", "created_at": "20121004020053", "rank": 0, "retweet_count": 0, "id": "253676032287186945"}, {"retweet_history": [{"followers_count": 230, "retweet_time": "20121004020333", "id": "109082843", "profile_image_url": "http://a0.twimg.com/profile_images/2668020868/7e1b5f9bef60bb992d11d1a6f18eb4f5_normal.jpeg", "screen_name": "emily_grove"}], "creator": {"creator_img": "http://a0.twimg.com/profile_images/2668020868/7e1b5f9bef60bb992d11d1a6f18eb4f5_normal.jpeg", "id": "109082843", "creator": "emily_grove"}, "text": "debates. debates. debates. debates. debates.", "created_at": "20121004020333", "rank": 0, "retweet_count": 0, "id": "253676702692171776"}, {"retweet_history": [{"followers_count": 45, "retweet_time": "20121004020411", "id": "284587437", "profile_image_url": "http://a0.twimg.com/profile_images/1317588978/Twitter_Icon_normal.jpg", "screen_name": "zuttoshoujo"}], "creator": {"creator_img": "http://a0.twimg.com/profile_images/1317588978/Twitter_Icon_normal.jpg", "id": "284587437", "creator": "zuttoshoujo"}, "text": "@sashtronomer #debates #debates #debates", "created_at": "20121004020411", "rank": 0, "retweet_count": 0, "id": "253676862763573248"}, {"retweet_history": [{"followers_count": 179, "retweet_time": "20121004021344", "id": "71434795", "profile_image_url": "http://a0.twimg.com/profile_images/2570418026/image_normal.jpg", "screen_name": "MaxF1997"}], "creator": {"creator_img": "http://a0.twimg.com/profile_images/2570418026/image_normal.jpg", "id": "71434795", "creator": "MaxF1997"}, "text": "Political debates are intense... Its like religion debates... #debates", "created_at": "20121004021344", "rank": 0, "retweet_count": 0, "id": "253679263293771776"}, {"retweet_history": [{"followers_count": 110, "retweet_time": "20121004022357", "id": "517202316", "profile_image_url": "http://a0.twimg.com/profile_images/2427717131/vcqjwjxfafceele5pyed_normal.jpeg", "screen_name": "Alnanas"}], "creator": {"creator_img": "http://a0.twimg.com/profile_images/2427717131/vcqjwjxfafceele5pyed_normal.jpeg", "id": "517202316", "creator": "Alnanas"}, "text": "Didn't expect the debates to be fictional #debates", "created_at": "20121004022357", "rank": 0, "retweet_count": 0, "id": "253681834892857344"}, {"retweet_history": [{"followers_count": 106816, "retweet_time": "20121004023827", "id": "22411342", "profile_image_url": "http://a0.twimg.com/profile_images/1968685008/533925_10150685233909820_38876179819_9051930_1787590438_n_normal.jpg", "screen_name": "MrScottEddy"}], "creator": {"creator_img": "http://a0.twimg.com/profile_images/1968685008/533925_10150685233909820_38876179819_9051930_1787590438_n_normal.jpg", "id": "22411342", "creator": "MrScottEddy"}, "text": "#BigBird #Debates #BigBird #Debates #BigBird #Debates #BigBird #Debates", "created_at": "20121004023827", "rank": 106816, "retweet_count": 1, "id": "253685484373569536"}, {"retweet_history": [{"followers_count": 350, "retweet_time": "20121004033443", "id": "47887489", "profile_image_url": "http://a0.twimg.com/profile_images/2796116670/be9002865417fa96e73d6d38e2e467d5_normal.jpeg", "screen_name": "ybaH12"}], "creator": {"creator_img": "http://a0.twimg.com/profile_images/2796116670/be9002865417fa96e73d6d38e2e467d5_normal.jpeg", "id": "47887489", "creator": "ybaH12"}, "text": "Debates going on about debates. #DebateInception2012", "created_at": "20121004033443", "rank": 700, "retweet_count": 2, "id": "253699645950287873"}, {"retweet_history": [{"followers_count": 4771, "retweet_time": "20121004042136", "id": "14109043", "profile_image_url": "http://a0.twimg.com/profile_images/2155390775/Apr_21__2012_-_1_normal.jpg", "screen_name": "tdhurst"}], "creator": {"creator_img": "http://a0.twimg.com/profile_images/2155390775/Apr_21__2012_-_1_normal.jpg", "id": "14109043", "creator": "tdhurst"}, "text": "#debates debates are boring", "created_at": "20121004042136", "rank": 0, "retweet_count": 0, "id": "253711441532706816"}, {"retweet_history": [{"followers_count": 143, "retweet_time": "20121004050633", "id": "341156959", "profile_image_url": "http://a0.twimg.com/profile_images/2728090570/70786f595d295e320944a228cb1ffd1e_normal.jpeg", "screen_name": "heyhiitssierra"}], "creator": {"creator_img": "http://a0.twimg.com/profile_images/2728090570/70786f595d295e320944a228cb1ffd1e_normal.jpeg", "id": "341156959", "creator": "heyhiitssierra"}, "text": "Oh debates about debates.", "created_at": "20121004050633", "rank": 0, "retweet_count": 0, "id": "253722757118963713"}], "start": "20121004015231", "end": "20121004050633", "name": "debates"}, {"content": [{"retweet_history": [{"followers_count": 216, "retweet_time": "20121004014945", "id": "116517438", "profile_image_url": "http://a0.twimg.com/profile_images/1257384940/Picture_9_normal.png", "screen_name": "EleshaBarnette"}], "creator": {"creator_img": "http://a0.twimg.com/profile_images/1257384940/Picture_9_normal.png", "id": "116517438", "creator": "EleshaBarnette"}, "text": "How many times will Clinton be mentioned tonight? #VoiceYourVote\n#BeLatino\n#VoteReady", "created_at": "20121004014945", "rank": 0, "retweet_count": 0, "id": "253673230919954432"}, {"retweet_history": [{"followers_count": 216, "retweet_time": "20121004015348", "id": "116517438", "profile_image_url": "http://a0.twimg.com/profile_images/1257384940/Picture_9_normal.png", "screen_name": "EleshaBarnette"}], "creator": {"creator_img": "http://a0.twimg.com/profile_images/1257384940/Picture_9_normal.png", "id": "116517438", "creator": "EleshaBarnette"}, "text": "\u201c@TBain2: Uhhh Romney... YOU ARE NOT THE MODERATOR!\u201d #VoiceYourVote\n#BeLatino\n#VoteReady", "created_at": "20121004015348", "rank": 0, "retweet_count": 0, "id": "253674249636675585"}, {"retweet_history": [{"followers_count": 216, "retweet_time": "20121004020351", "id": "116517438", "profile_image_url": "http://a0.twimg.com/profile_images/1257384940/Picture_9_normal.png", "screen_name": "EleshaBarnette"}], "creator": {"creator_img": "http://a0.twimg.com/profile_images/1257384940/Picture_9_normal.png", "id": "116517438", "creator": "EleshaBarnette"}, "text": "Imma let you finish... #VoiceYourVote\n#BeLatino\n#VoteReady #Debate2012 #denverdebate", "created_at": "20121004020351", "rank": 0, "retweet_count": 0, "id": "253676776075706371"}, {"retweet_history": [{"followers_count": 376, "retweet_time": "20121004025114", "id": "2200571", "profile_image_url": "http://a0.twimg.com/profile_images/2674587276/6c597cd40acffb9baaeee06a91628a64_normal.jpeg", "screen_name": "iKristen"}, {"followers_count": 382, "retweet_time": "20121004025254", "id": "259551083", "profile_image_url": "http://a0.twimg.com/profile_images/2380189609/qb7d8t9tr10uc8frn5oq_normal.jpeg", "screen_name": "OverAnalystVera"}, {"followers_count": 287, "retweet_time": "20121004025236", "id": "342151974", "profile_image_url": "http://a0.twimg.com/profile_images/2751037310/ea554312f2bfad4eca70cdc9cb0b1f62_normal.jpeg", "screen_name": "TakeiTooToniee"}, {"followers_count": 154, "retweet_time": "20121004025626", "id": "279598751", "profile_image_url": "http://a0.twimg.com/profile_images/2737083255/42987e2dbbc6e5caf7ef70905a222a75_normal.jpeg", "screen_name": "AilesPerdues"}], "creator": {"creator_img": "http://a0.twimg.com/profile_images/2772347630/31dda8a54bbf8ab68c3811b6660b7639_normal.jpeg", "id": "17965521", "creator": "TheXDExperience"}, "text": "I hope everyone tweeting is registered to vote and is #VoteReady", "created_at": "20121004025052", "rank": 232203, "retweet_count": 29, "id": "253688611629830144"}, {"retweet_history": [{"followers_count": 393, "retweet_time": "20121004025138", "id": "146321451", "profile_image_url": "http://a0.twimg.com/profile_images/2757326866/2e3e331f1ae69e5c5a5df6276ef5909b_normal.jpeg", "screen_name": "SAY_IT_LOUD_"}], "creator": {"creator_img": "http://a0.twimg.com/profile_images/2757326866/2e3e331f1ae69e5c5a5df6276ef5909b_normal.jpeg", "id": "146321451", "creator": "SAY_IT_LOUD_"}, "text": "RT @TheXDExperience: I hope everyone tweeting is registered to vote and is #VoteReady", "created_at": "20121004025138", "rank": 0, "retweet_count": 0, "id": "253688802256760832"}, {"retweet_history": [{"followers_count": 1511, "retweet_time": "20121004030557", "id": "27151743", "profile_image_url": "http://a0.twimg.com/profile_images/1095104315/IMPACT_Logo_normal.png", "screen_name": "teamIMPACT"}], "creator": {"creator_img": "http://a0.twimg.com/profile_images/1095104315/IMPACT_Logo_normal.png", "id": "27151743", "creator": "teamIMPACT"}, "text": "@divaofjustice make sure you are registered to vote. #VoteReady #IMPACTDEBATE", "created_at": "20121004030557", "rank": 0, "retweet_count": 0, "id": "253692406086635520"}, {"retweet_history": [{"followers_count": 1511, "retweet_time": "20121004031224", "id": "27151743", "profile_image_url": "http://a0.twimg.com/profile_images/1095104315/IMPACT_Logo_normal.png", "screen_name": "teamIMPACT"}], "creator": {"creator_img": "http://a0.twimg.com/profile_images/1095104315/IMPACT_Logo_normal.png", "id": "27151743", "creator": "teamIMPACT"}, "text": "That's it for us @teamIMPACT. Check in next week as we continue to get you #VoteReady!!! #IMPACTDEBATE", "created_at": "20121004031224", "rank": 0, "retweet_count": 0, "id": "253694029047414784"}], "start": "20121004014006", "end": "20121004031224", "name": "VoteReady"}, {"content": [{"retweet_history": [{"followers_count": 2321, "retweet_time": "20121004052300", "id": "18338516", "profile_image_url": "http://a0.twimg.com/profile_images/2564016701/cs03tdrdqvx420lrirv7_normal.jpeg", "screen_name": "Sil_Lai"}], "creator": {"creator_img": "http://a0.twimg.com/profile_images/2628769365/155fb9da4a4858e26aef0754497fff6f_normal.jpeg", "id": "39254522", "creator": "NFLPurpleOct"}, "text": "@NDVH @redbookmag @Sil_Lai  #SOS Need 100,000 signatures 2 get @nfl To Go #PURPLE For #DVAM Help STOP #VAW\nhttp://t.co/uEx1qrAk", "created_at": "20121004050707", "rank": 2321, "retweet_count": 1, "id": "253722898169204737"}], "start": "20121004052300", "end": "20121004050707", "name": "VAW"}, {"content": [{"retweet_history": [{"followers_count": 2567, "retweet_time": "20121004014452", "id": "198370609", "profile_image_url": "http://a0.twimg.com/profile_images/2782956330/c587fbadb3b2cfa7f3ef46c39587e7f0_normal.jpeg", "screen_name": "ATLHearts1D"}, {"followers_count": 2325, "retweet_time": "20121004015644", "id": "317802749", "profile_image_url": "http://a0.twimg.com/profile_images/2756227030/ede58294cda36d4be941ddac9f0b1419_normal.jpeg", "screen_name": "lord_fagtaguise"}], "creator": {"creator_img": "http://a0.twimg.com/profile_images/2782956330/c587fbadb3b2cfa7f3ef46c39587e7f0_normal.jpeg", "id": "198370609", "creator": "ATLHearts1D"}, "text": "MITT MITT MITT MITT MITT MITT MITT MITT MITT MITT MITT MITT MITT MITT MITT MITT MITT MITT MITT MITT MITT MITT MITT MITT MITT MITT MITT MITT", "created_at": "20121004014452", "rank": 15402, "retweet_count": 6, "id": "253671998419513344"}, {"retweet_history": [{"followers_count": 361, "retweet_time": "20121004021431", "id": "260966371", "profile_image_url": "http://a0.twimg.com/profile_images/2666122384/b1b40d9aa1fb1af9773cb629542227d0_normal.png", "screen_name": "lolacabola"}, {"followers_count": 3999, "retweet_time": "20121004021448", "id": "260527870", "profile_image_url": "http://a0.twimg.com/profile_images/2601277027/image_normal.jpg", "screen_name": "1Dittlinger"}, {"followers_count": 486, "retweet_time": "20121004021550", "id": "764976786", "profile_image_url": "http://a0.twimg.com/profile_images/2632231786/0ff2c9c0af182728ab467eba6e355e69_normal.png", "screen_name": "SweetThing2U"}], "creator": {"creator_img": "http://a0.twimg.com/profile_images/2666122384/b1b40d9aa1fb1af9773cb629542227d0_normal.png", "id": "260966371", "creator": "lolacabola"}, "text": "#MITT #MITT #MITT #MITT #MITT #MITT #MITT #MITT #MITT #MITT #MITT #MITT #MITT #MITT #MITT #MITT #MITT #MITT #MITT #MITT #MITT #MITT #MITT", "created_at": "20121004021431", "rank": 7998, "retweet_count": 2, "id": "253679463034929152"}, {"retweet_history": [{"followers_count": 49, "retweet_time": "20121004022453", "id": "489540420", "profile_image_url": "http://a0.twimg.com/profile_images/2281875908/f83l66411gbbactamft7_normal.png", "screen_name": "murraystu"}], "creator": {"creator_img": "http://a0.twimg.com/profile_images/2281875908/f83l66411gbbactamft7_normal.png", "id": "489540420", "creator": "murraystu"}, "text": "MITT MITT MITT MITT MITT MITT MITT MITT MITT MITT MITT MITT MITT MITT MITT MITT MITT MITT MITT MITT MITT MITT MITT MITT MITT MITT #Mitt2012", "created_at": "20121004022453", "rank": 0, "retweet_count": 0, "id": "253682069920686081"}, {"retweet_history": [{"followers_count": 7, "retweet_time": "20121004022541", "id": "797185969", "profile_image_url": "http://a0.twimg.com/profile_images/2577982983/image_normal.jpg", "screen_name": "stiles_gis"}], "creator": {"creator_img": "http://a0.twimg.com/profile_images/2577982983/image_normal.jpg", "id": "797185969", "creator": "stiles_gis"}, "text": "#mitt #mitt #mitt #mitt #mitt #mitt #mitt #mitt #mitt for President #mitt #mitt #mitt #mitt #mitt #mitt #mitt #mitt for President", "created_at": "20121004022541", "rank": 0, "retweet_count": 0, "id": "253682272480399360"}, {"retweet_history": [{"followers_count": 374, "retweet_time": "20121004023355", "id": "512697380", "profile_image_url": "http://a0.twimg.com/profile_images/2546201806/image_normal.jpg", "screen_name": "lduck623"}], "creator": {"creator_img": "http://a0.twimg.com/profile_images/2546201806/image_normal.jpg", "id": "512697380", "creator": "lduck623"}, "text": "Mitt-Mitt-Mitt-Mitt-Mitt-Mitt-Mitt-Mitt-Mitt-Mitt-Mitt-Mitt-Mitt-Mitt-Mitt-Mitt-!!!!!!!!!!!!!!!!!!!!!!!", "created_at": "20121004023355", "rank": 0, "retweet_count": 0, "id": "253684344244281344"}, {"retweet_history": [{"followers_count": 472, "retweet_time": "20121004024205", "id": "8524102", "profile_image_url": "http://a0.twimg.com/profile_images/2545107985/19dfwlmgxgja3syyopth_normal.jpeg", "screen_name": "toreilly"}], "creator": {"creator_img": "http://a0.twimg.com/profile_images/2545107985/19dfwlmgxgja3syyopth_normal.jpeg", "id": "8524102", "creator": "toreilly"}, "text": "Mitt-Mitt-Mitt-Mitt-Mitt-Mitt-Mitt-Mitt-Mitt-Mitt-Mitt-Mitt-Mitt-Mitt-Mitt-Mitt-Mitt-Mitt-Mitt-Mitt-Mitt-Mitt-Mitt-Mitt-Mitt-Mitt-Mitt!!", "created_at": "20121004024205", "rank": 0, "retweet_count": 0, "id": "253686399646171137"}, {"retweet_history": [{"followers_count": 304, "retweet_time": "20121004043148", "id": "537952595", "profile_image_url": "http://a0.twimg.com/profile_images/2584153307/GdgCtIdy_normal", "screen_name": "LoudAndClearGOP"}], "creator": {"creator_img": "http://a0.twimg.com/profile_images/2584153307/GdgCtIdy_normal", "id": "537952595", "creator": "LoudAndClearGOP"}, "text": "MITT MITT MITT MITT MITT MITT MITT MITT MITT!", "created_at": "20121004043148", "rank": 0, "retweet_count": 0, "id": "253714012380999680"}], "start": "20121004014006", "end": "20121004043148", "name": "Mitt"}, {"content": [{"retweet_history": [{"followers_count": 2321, "retweet_time": "20121004023437", "id": "18338516", "profile_image_url": "http://a0.twimg.com/profile_images/2564016701/cs03tdrdqvx420lrirv7_normal.jpeg", "screen_name": "Sil_Lai"}], "creator": {"creator_img": "http://a0.twimg.com/profile_images/422351921/logo_square_normal.jpg", "id": "48827616", "creator": "NCADV"}, "text": "Many victims still can't access justice and services. Take a stand for ALL victims. Pass #VAWA now! #DVAM2012 #dv #Debates", "created_at": "20121004023408", "rank": 32790, "retweet_count": 10, "id": "253684398950604800"}, {"retweet_history": [{"followers_count": 97825, "retweet_time": "20121004023604", "id": "34376087", "profile_image_url": "http://a0.twimg.com/profile_images/185584957/practika_large_normal.jpg", "screen_name": "twiteconomy"}], "creator": {"creator_img": "http://a0.twimg.com/profile_images/185584957/practika_large_normal.jpg", "id": "34376087", "creator": "twiteconomy"}, "text": "Help save the Violence Against Women Act now: http://t.co/QFaB1z7J #WarOnWomen #VAWA via @MoveOn #f2 #fem2", "created_at": "20121004023604", "rank": 97825, "retweet_count": 1, "id": "253684885020106752"}, {"retweet_history": [{"followers_count": 169, "retweet_time": "20121004025415", "id": "51277225", "profile_image_url": "http://a0.twimg.com/profile_images/2621469646/fucijcyh04q4prdlec67_normal.jpeg", "screen_name": "poliSW"}], "creator": {"creator_img": "http://a0.twimg.com/profile_images/2646823394/03e998c49bdad5afc33d4fb6fc23d244_normal.jpeg", "id": "184277019", "creator": "anntieup"}, "text": "ongoing rage about how a debate on \"domestic policy\" didn't mention women's issues ONCE. no real vawa, eroding access to BC &amp; abortion", "created_at": "20121004025336", "rank": 579, "retweet_count": 1, "id": "253689297574694912"}, {"retweet_history": [{"followers_count": 885, "retweet_time": "20121004030133", "id": "26037539", "profile_image_url": "http://a0.twimg.com/profile_images/541710091/2009-05-230068artlogoweb72_normal.jpg", "screen_name": "AshikiKC"}], "creator": {"creator_img": "http://a0.twimg.com/profile_images/541710091/2009-05-230068artlogoweb72_normal.jpg", "id": "26037539", "creator": "AshikiKC"}, "text": "@newsday VAWA needs attention", "created_at": "20121004030133", "rank": 0, "retweet_count": 0, "id": "253691297553084417"}, {"retweet_history": [{"followers_count": 175, "retweet_time": "20121004031634", "id": "28564844", "profile_image_url": "http://a0.twimg.com/profile_images/2401128783/X2AX1q9H_normal", "screen_name": "futuristic_flow"}], "creator": {"creator_img": "http://a0.twimg.com/profile_images/2401128783/X2AX1q9H_normal", "id": "28564844", "creator": "futuristic_flow"}, "text": "@theuppitynegro What about the Violence Against Women Act? #VAWA", "created_at": "20121004031634", "rank": 0, "retweet_count": 0, "id": "253695075656298496"}, {"retweet_history": [{"followers_count": 175, "retweet_time": "20121004040135", "id": "28564844", "profile_image_url": "http://a0.twimg.com/profile_images/2401128783/X2AX1q9H_normal", "screen_name": "futuristic_flow"}], "creator": {"creator_img": "http://a0.twimg.com/profile_images/2401128783/X2AX1q9H_normal", "id": "28564844", "creator": "futuristic_flow"}, "text": "@theuppitynegro But the insignificance that placed on #VAWA has something to do with the insignificance we place on #women, #dv, &amp; #sv.", "created_at": "20121004040135", "rank": 0, "retweet_count": 0, "id": "253706405868081152"}], "start": "20121004023437", "end": "20121004040135", "name": "VAWA"}, {"content": [{"retweet_history": [{"followers_count": 117, "retweet_time": "20121004012933", "id": "158549760", "profile_image_url": "http://a0.twimg.com/profile_images/2497067148/bdainas_normal.jpg", "screen_name": "bdainas"}], "creator": {"creator_img": "http://a0.twimg.com/profile_images/2497067148/bdainas_normal.jpg", "id": "158549760", "creator": "bdainas"}, "text": "#unfollow \u201c@Hello_JoMo @bdainas Debate debate debate debate debate debate debate debate debate debate debate debate debate debate debate\u201d", "created_at": "20121004012933", "rank": 0, "retweet_count": 0, "id": "253668146144231424"}, {"retweet_history": [{"followers_count": 170, "retweet_time": "20121004013421", "id": "358778031", "profile_image_url": "http://a0.twimg.com/profile_images/2763732958/0a0aaffe6f69431742cb6341abb38d6e_normal.jpeg", "screen_name": "morecatsplease"}], "creator": {"creator_img": "http://a0.twimg.com/profile_images/2763732958/0a0aaffe6f69431742cb6341abb38d6e_normal.jpeg", "id": "358778031", "creator": "morecatsplease"}, "text": "Debate debate debate debate Debate debate debate debate Debate debate debate debate Debate debate debate debate", "created_at": "20121004013421", "rank": 0, "retweet_count": 0, "id": "253669354602917888"}, {"retweet_history": [{"followers_count": 1385, "retweet_time": "20121004015517", "id": "269617878", "profile_image_url": "http://a0.twimg.com/profile_images/2782563977/64f335b584904c8cfb876e0984fe0cf4_normal.jpeg", "screen_name": "A_Cuban_Boy"}], "creator": {"creator_img": "http://a0.twimg.com/profile_images/2782563977/64f335b584904c8cfb876e0984fe0cf4_normal.jpeg", "id": "269617878", "creator": "A_Cuban_Boy"}, "text": "DEBATE DEBATE DEBATE DEBATE DEBATE DEBATE DEBATE DEBATE DEBATE DEBATE DEBATE DEBATE DEBATE DEBATE DEBATE DEBATE DEBATE DEBATE DEBATE DEBATE", "created_at": "20121004015517", "rank": 1385, "retweet_count": 1, "id": "253674622996865024"}, {"retweet_history": [{"followers_count": 95, "retweet_time": "20121004020206", "id": "210531676", "profile_image_url": "http://a0.twimg.com/profile_images/2760948566/c00d22a738da4538d9ac10cd5c27240d_normal.png", "screen_name": "Thelordofpi"}], "creator": {"creator_img": "http://a0.twimg.com/profile_images/2760948566/c00d22a738da4538d9ac10cd5c27240d_normal.png", "id": "210531676", "creator": "Thelordofpi"}, "text": "my TL: debate debate debate debate debate debate food debate debate food debate", "created_at": "20121004020206", "rank": 0, "retweet_count": 0, "id": "253676338681106434"}, {"retweet_history": [{"followers_count": 22990, "retweet_time": "20121004021117", "id": "549023394", "profile_image_url": "http://a0.twimg.com/profile_images/2684730350/a1fce0760b514e9efb143f30e0a882a7_normal.jpeg", "screen_name": "nobodyjake"}, {"followers_count": 339, "retweet_time": "20121004021206", "id": "492539674", "profile_image_url": "http://a0.twimg.com/profile_images/2610754194/image_normal.jpg", "screen_name": "katieuckotter"}, {"followers_count": 57, "retweet_time": "20121004021229", "id": "472674987", "profile_image_url": "http://a0.twimg.com/profile_images/2786896835/99936ad3cea56005b4fe1f16f0692b5e_normal.jpeg", "screen_name": "byeidk"}, {"followers_count": 1741, "retweet_time": "20121004021201", "id": "395094440", "profile_image_url": "http://a0.twimg.com/profile_images/2799398654/e2cd0d3d0390019366569c49444b4bbb_normal.jpeg", "screen_name": "kelsgibbz"}, {"followers_count": 67, "retweet_time": "20121004021336", "id": "424621930", "profile_image_url": "http://a0.twimg.com/profile_images/2764018991/1862edf5f3e27b85b72b37424ce82ef4_normal.jpeg", "screen_name": "idgi_darling"}], "creator": {"creator_img": "http://a0.twimg.com/profile_images/2684730350/a1fce0760b514e9efb143f30e0a882a7_normal.jpeg", "id": "549023394", "creator": "nobodyjake"}, "text": "timeline: debate debate debate debate debate debate gay debate debate debate.", "created_at": "20121004021117", "rank": 3195610, "retweet_count": 139, "id": "253678646684966912"}, {"retweet_history": [{"followers_count": 394, "retweet_time": "20121004022048", "id": "202441282", "profile_image_url": "http://a0.twimg.com/profile_images/2621776341/image_normal.jpg", "screen_name": "emrehard"}], "creator": {"creator_img": "http://a0.twimg.com/profile_images/2621776341/image_normal.jpg", "id": "202441282", "creator": "emrehard"}, "text": "DEBATE DEBATE DEBATE DEBATE DEBATE DEBATE DEBATE DEBATE DEBATE DEBATE @cyclemelbronian", "created_at": "20121004022048", "rank": 394, "retweet_count": 1, "id": "253681044291723266"}], "start": "20121004012927", "end": "20121004022048", "name": "debate"}, {"content": [{"retweet_history": [{"followers_count": 33, "retweet_time": "20121004022934", "id": "541349097", "profile_image_url": "http://a0.twimg.com/profile_images/1997804823/image_normal.jpg", "screen_name": "MichaelJ0rdan_"}], "creator": {"creator_img": "http://a0.twimg.com/profile_images/1997804823/image_normal.jpg", "id": "541349097", "creator": "MichaelJ0rdan_"}, "text": "#EssenceDebate Look US in our eyes Prez.  Not Jim", "created_at": "20121004022934", "rank": 0, "retweet_count": 0, "id": "253683249107324929"}, {"retweet_history": [{"followers_count": 2152, "retweet_time": "20121004023244", "id": "26300814", "profile_image_url": "http://a0.twimg.com/profile_images/1146368296/thintpointclick-twitter-logo-v2_normal.png", "screen_name": "thinkpointclick"}], "creator": {"creator_img": "http://a0.twimg.com/profile_images/1146368296/thintpointclick-twitter-logo-v2_normal.png", "id": "26300814", "creator": "thinkpointclick"}, "text": "Well, that's over. #EssenceDebate #debate2012", "created_at": "20121004023244", "rank": 0, "retweet_count": 0, "id": "253684045127503872"}, {"retweet_history": [{"followers_count": 2554, "retweet_time": "20121004023457", "id": "14850798", "profile_image_url": "http://a0.twimg.com/profile_images/1939975134/about_photo_normal.jpg", "screen_name": "jdakar"}], "creator": {"creator_img": "http://a0.twimg.com/profile_images/1939975134/about_photo_normal.jpg", "id": "14850798", "creator": "jdakar"}, "text": "@essencemag Big Bird. #EssenceDebate", "created_at": "20121004023457", "rank": 0, "retweet_count": 0, "id": "253684604538605568"}, {"retweet_history": [{"followers_count": 110, "retweet_time": "20121004023611", "id": "80180686", "profile_image_url": "http://a0.twimg.com/profile_images/1390056800/devil_msu_normal.jpg", "screen_name": "Big_Blue15"}], "creator": {"creator_img": "http://a0.twimg.com/profile_images/1390056800/devil_msu_normal.jpg", "id": "80180686", "creator": "Big_Blue15"}, "text": "@rolandsmartin you are a BLIND!  #EssenceDebate that was a clear butt kicking! #EssenceDebate", "created_at": "20121004023611", "rank": 0, "retweet_count": 0, "id": "253684914497658880"}, {"retweet_history": [{"followers_count": 101, "retweet_time": "20121004024147", "id": "298403730", "profile_image_url": "http://a0.twimg.com/profile_images/1683831487/image_normal.jpg", "screen_name": "Gil_Laury"}], "creator": {"creator_img": "http://a0.twimg.com/profile_images/1683831487/image_normal.jpg", "id": "298403730", "creator": "Gil_Laury"}, "text": "Soooo....who won?\n#DenverDebate #PresidentialDebate #EssenceDebate", "created_at": "20121004024147", "rank": 0, "retweet_count": 0, "id": "253686323108536322"}, {"retweet_history": [{"followers_count": 2152, "retweet_time": "20121004024343", "id": "26300814", "profile_image_url": "http://a0.twimg.com/profile_images/1146368296/thintpointclick-twitter-logo-v2_normal.png", "screen_name": "thinkpointclick"}], "creator": {"creator_img": "http://a0.twimg.com/profile_images/1146368296/thintpointclick-twitter-logo-v2_normal.png", "id": "26300814", "creator": "thinkpointclick"}, "text": "Ok, I'm done. #EssenceDebate #debate2012  On to the next.", "created_at": "20121004024343", "rank": 0, "retweet_count": 0, "id": "253686811753316352"}, {"retweet_history": [{"followers_count": 134, "retweet_time": "20121004024437", "id": "218355898", "profile_image_url": "http://a0.twimg.com/profile_images/2603223008/ieo47qfpf7xjxt2rzjyn_normal.jpeg", "screen_name": "superstarnic23"}], "creator": {"creator_img": "http://a0.twimg.com/profile_images/2603223008/ieo47qfpf7xjxt2rzjyn_normal.jpeg", "id": "218355898", "creator": "superstarnic23"}, "text": "Who won the debate? #EssenceDebate", "created_at": "20121004024437", "rank": 0, "retweet_count": 0, "id": "253687038216388608"}, {"retweet_history": [{"followers_count": 2750, "retweet_time": "20121004024958", "id": "57842498", "profile_image_url": "http://a0.twimg.com/profile_images/2190190022/PoliticalJones_Show_0002_normal.jpg", "screen_name": "PoliticalJones"}], "creator": {"creator_img": "http://a0.twimg.com/profile_images/2190190022/PoliticalJones_Show_0002_normal.jpg", "id": "57842498", "creator": "PoliticalJones"}, "text": "I love politics! LOL  #EssenceDebate #BEDebate2012", "created_at": "20121004024958", "rank": 0, "retweet_count": 0, "id": "253688384076275714"}, {"retweet_history": [{"followers_count": 871, "retweet_time": "20121004030337", "id": "16397507", "profile_image_url": "http://a0.twimg.com/profile_images/1585636572/obama-2012_design_normal.png", "screen_name": "truthrose1"}], "creator": {"creator_img": "http://a0.twimg.com/profile_images/1585636572/obama-2012_design_normal.png", "id": "16397507", "creator": "truthrose1"}, "text": "@rolandsmartin PBO is the President, this is not WWF #EssenceDebate", "created_at": "20121004030337", "rank": 871, "retweet_count": 1, "id": "253691816535289856"}, {"retweet_history": [{"followers_count": 110, "retweet_time": "20121004031433", "id": "80180686", "profile_image_url": "http://a0.twimg.com/profile_images/1390056800/devil_msu_normal.jpg", "screen_name": "Big_Blue15"}], "creator": {"creator_img": "http://a0.twimg.com/profile_images/1390056800/devil_msu_normal.jpg", "id": "80180686", "creator": "Big_Blue15"}, "text": "@rolandsmartin who won?  #EssenceDebate", "created_at": "20121004031433", "rank": 0, "retweet_count": 0, "id": "253694568921452544"}], "start": "20121004022934", "end": "20121004031433", "name": "EssenceDebate"}, {"content": [{"retweet_history": [{"followers_count": 2321, "retweet_time": "20121004052300", "id": "18338516", "profile_image_url": "http://a0.twimg.com/profile_images/2564016701/cs03tdrdqvx420lrirv7_normal.jpeg", "screen_name": "Sil_Lai"}], "creator": {"creator_img": "http://a0.twimg.com/profile_images/2628769365/155fb9da4a4858e26aef0754497fff6f_normal.jpeg", "id": "39254522", "creator": "NFLPurpleOct"}, "text": "@NDVH @redbookmag @Sil_Lai  #SOS Need 100,000 signatures 2 get @nfl To Go #PURPLE For #DVAM Help STOP #VAW\nhttp://t.co/uEx1qrAk", "created_at": "20121004050707", "rank": 2321, "retweet_count": 1, "id": "253722898169204737"}, {"retweet_history": [{"followers_count": 853, "retweet_time": "20121004053605", "id": "147601825", "profile_image_url": "http://a0.twimg.com/profile_images/1169837166/IMG_1631a_normal.jpg", "screen_name": "lroy479"}], "creator": {"creator_img": "http://a0.twimg.com/profile_images/1169837166/IMG_1631a_normal.jpg", "id": "147601825", "creator": "lroy479"}, "text": "Great night, great win for Romney on domestic. Now Back to LIBYA! can we have answers? Investigation? Blood on the hands of the SOS &amp; Obama.", "created_at": "20121004053605", "rank": 1706, "retweet_count": 2, "id": "253730186271551488"}, {"retweet_history": [{"followers_count": 405, "retweet_time": "20121004055118", "id": "24489415", "profile_image_url": "http://a0.twimg.com/profile_images/2756354240/4874fae76a61f0ba430b896014c584e5_normal.jpeg", "screen_name": "ileannaaa"}], "creator": {"creator_img": "http://a0.twimg.com/profile_images/2756354240/4874fae76a61f0ba430b896014c584e5_normal.jpeg", "id": "24489415", "creator": "ileannaaa"}, "text": "Sos, that's Darian. Darian that's Sos. You both have to study. RT @sosforpresident: @ileannaaa @DsWorld18 \ud83d\udc49\ud83d\udc40", "created_at": "20121004055118", "rank": 0, "retweet_count": 0, "id": "253734017801789442"}, {"retweet_history": [{"followers_count": 434, "retweet_time": "20121004055146", "id": "385764650", "profile_image_url": "http://a0.twimg.com/profile_images/2445151659/ze6ng19tnwwtbm170mwn_normal.jpeg", "screen_name": "RonRazor1"}], "creator": {"creator_img": "http://a0.twimg.com/profile_images/2445151659/ze6ng19tnwwtbm170mwn_normal.jpeg", "id": "385764650", "creator": "RonRazor1"}, "text": "@daisywaitsride side effects no fun weight gain other problems I'm sos orry that came out as sinner i would never say that or think it.", "created_at": "20121004055146", "rank": 0, "retweet_count": 0, "id": "253734134541864960"}, {"retweet_history": [{"followers_count": 201, "retweet_time": "20121004055318", "id": "127514440", "profile_image_url": "http://a0.twimg.com/profile_images/2719060805/1376694900c962720c3ea471d616b3a3_normal.jpeg", "screen_name": "Nikki_tha_G"}], "creator": {"creator_img": "http://a0.twimg.com/profile_images/2719060805/1376694900c962720c3ea471d616b3a3_normal.jpeg", "id": "127514440", "creator": "Nikki_tha_G"}, "text": "i dont kno why i do it to myself, that was way too much hot sauce for one bowl of soup #dying #nothingtodrink #sos", "created_at": "20121004055318", "rank": 0, "retweet_count": 0, "id": "253734519046299648"}], "start": "20121004052300", "end": "20121004055318", "name": "SOS"}, {"content": [{"retweet_history": [{"followers_count": 2321, "retweet_time": "20121004023437", "id": "18338516", "profile_image_url": "http://a0.twimg.com/profile_images/2564016701/cs03tdrdqvx420lrirv7_normal.jpeg", "screen_name": "Sil_Lai"}], "creator": {"creator_img": "http://a0.twimg.com/profile_images/422351921/logo_square_normal.jpg", "id": "48827616", "creator": "NCADV"}, "text": "Many victims still can't access justice and services. Take a stand for ALL victims. Pass #VAWA now! #DVAM2012 #dv #Debates", "created_at": "20121004023408", "rank": 32790, "retweet_count": 10, "id": "253684398950604800"}], "start": "20121004023437", "end": "20121004023408", "name": "DVAM2012"}, {"content": [{"retweet_history": [{"followers_count": 2321, "retweet_time": "20121004012827", "id": "18338516", "profile_image_url": "http://a0.twimg.com/profile_images/2564016701/cs03tdrdqvx420lrirv7_normal.jpeg", "screen_name": "Sil_Lai"}], "creator": {"creator_img": "http://a0.twimg.com/profile_images/2564016701/cs03tdrdqvx420lrirv7_normal.jpeg", "id": "18338516", "creator": "Sil_Lai"}, "text": "Obama is so cool under fire. #IceIceBaby", "created_at": "20121004012827", "rank": 4642, "retweet_count": 2, "id": "253667869982855170"}, {"retweet_history": [{"followers_count": 172, "retweet_time": "20121004023126", "id": "280803085", "profile_image_url": "http://a0.twimg.com/profile_images/2662139876/4caee7e148ff666ddbe3ca16f011034b_normal.jpeg", "screen_name": "MoStuck_3"}], "creator": {"creator_img": "http://a0.twimg.com/profile_images/2662139876/4caee7e148ff666ddbe3ca16f011034b_normal.jpeg", "id": "280803085", "creator": "MoStuck_3"}, "text": "@craig778 Haha that would be a good one... I can see him as a.... Vanilla ice #IceIceBaby", "created_at": "20121004023126", "rank": 0, "retweet_count": 0, "id": "253683717485256704"}, {"retweet_history": [{"followers_count": 310, "retweet_time": "20121004025116", "id": "192429724", "profile_image_url": "http://a0.twimg.com/profile_images/2594594943/60tabcf83fflxy0r4ot8_normal.jpeg", "screen_name": "lendyy_"}], "creator": {"creator_img": "http://a0.twimg.com/profile_images/2594594943/60tabcf83fflxy0r4ot8_normal.jpeg", "id": "192429724", "creator": "lendyy_"}, "text": "This is called studying #iceicebaby  http://t.co/GhEPi92Y", "created_at": "20121004025116", "rank": 0, "retweet_count": 0, "id": "253688709004787714"}], "start": "20121004012827", "end": "20121004025116", "name": "IceIceBaby"}, {"content": [{"retweet_history": [{"followers_count": 127, "retweet_time": "20121004014015", "id": "555142523", "profile_image_url": "http://a0.twimg.com/profile_images/2730648462/e1aa33dc44888cf96a469bab4f10c642_normal.jpeg", "screen_name": "DavidKluth"}], "creator": {"creator_img": "http://a0.twimg.com/profile_images/2730648462/e1aa33dc44888cf96a469bab4f10c642_normal.jpeg", "id": "555142523", "creator": "DavidKluth"}, "text": "Go @TeamRomney @TeamTommy2012 #VoiceYourVote", "created_at": "20121004014015", "rank": 0, "retweet_count": 0, "id": "253670838753189889"}, {"retweet_history": [{"followers_count": 9022, "retweet_time": "20121004014313", "id": "67194113", "profile_image_url": "http://a0.twimg.com/profile_images/1900026926/42er_normal.png", "screen_name": "Crewof42"}], "creator": {"creator_img": "http://a0.twimg.com/profile_images/1900026926/42er_normal.png", "id": "67194113", "creator": "Crewof42"}, "text": "Lehrer is a disaster... watch for him to trend. @theRevAl\n@Kendall_Moore #BeLatino #VoiceYourVote @FieldNegro", "created_at": "20121004014313", "rank": 27066, "retweet_count": 3, "id": "253671586450784256"}, {"retweet_history": [{"followers_count": 216, "retweet_time": "20121004014945", "id": "116517438", "profile_image_url": "http://a0.twimg.com/profile_images/1257384940/Picture_9_normal.png", "screen_name": "EleshaBarnette"}], "creator": {"creator_img": "http://a0.twimg.com/profile_images/1257384940/Picture_9_normal.png", "id": "116517438", "creator": "EleshaBarnette"}, "text": "How many times will Clinton be mentioned tonight? #VoiceYourVote\n#BeLatino\n#VoteReady", "created_at": "20121004014945", "rank": 0, "retweet_count": 0, "id": "253673230919954432"}, {"retweet_history": [{"followers_count": 785, "retweet_time": "20121004015138", "id": "420167802", "profile_image_url": "http://a0.twimg.com/profile_images/2102043501/Team_JD_normal.jpg", "screen_name": "JamesDDetroit"}], "creator": {"creator_img": "http://a0.twimg.com/profile_images/1763038109/bday_crop_normal.jpg", "id": "171245049", "creator": "JohnWilson"}, "text": "Romney is treating the moderator like his chauffeur. #VoiceYourVote", "created_at": "20121004015100", "rank": 3615, "retweet_count": 3, "id": "253673543861161984"}, {"retweet_history": [{"followers_count": 216, "retweet_time": "20121004015348", "id": "116517438", "profile_image_url": "http://a0.twimg.com/profile_images/1257384940/Picture_9_normal.png", "screen_name": "EleshaBarnette"}], "creator": {"creator_img": "http://a0.twimg.com/profile_images/1257384940/Picture_9_normal.png", "id": "116517438", "creator": "EleshaBarnette"}, "text": "\u201c@TBain2: Uhhh Romney... YOU ARE NOT THE MODERATOR!\u201d #VoiceYourVote\n#BeLatino\n#VoteReady", "created_at": "20121004015348", "rank": 0, "retweet_count": 0, "id": "253674249636675585"}, {"retweet_history": [{"followers_count": 1874, "retweet_time": "20121004020103", "id": "136161105", "profile_image_url": "http://a0.twimg.com/profile_images/1928404248/308753_287910254575921_100000708455791_993522_474897917_n_normal.jpg", "screen_name": "JenebaSpeaks"}], "creator": {"creator_img": "http://a0.twimg.com/profile_images/1928404248/308753_287910254575921_100000708455791_993522_474897917_n_normal.jpg", "id": "136161105", "creator": "JenebaSpeaks"}, "text": "Here comes RomneyCARE!! Uh OH! #Debate2012 #DenverDebates #Debate #VoiceYourVote", "created_at": "20121004020103", "rank": 0, "retweet_count": 0, "id": "253676071021576192"}, {"retweet_history": [{"followers_count": 216, "retweet_time": "20121004020351", "id": "116517438", "profile_image_url": "http://a0.twimg.com/profile_images/1257384940/Picture_9_normal.png", "screen_name": "EleshaBarnette"}], "creator": {"creator_img": "http://a0.twimg.com/profile_images/1257384940/Picture_9_normal.png", "id": "116517438", "creator": "EleshaBarnette"}, "text": "Imma let you finish... #VoiceYourVote\n#BeLatino\n#VoteReady #Debate2012 #denverdebate", "created_at": "20121004020351", "rank": 0, "retweet_count": 0, "id": "253676776075706371"}, {"retweet_history": [{"followers_count": 13837, "retweet_time": "20121004020656", "id": "112549655", "profile_image_url": "http://a0.twimg.com/profile_images/1594701991/Picture_6_normal.png", "screen_name": "Politic365"}], "creator": {"creator_img": "http://a0.twimg.com/profile_images/1594701991/Picture_6_normal.png", "id": "112549655", "creator": "Politic365"}, "text": "Romney says \"preexisting conditions are covered in my plan\" #belatino #voiceyourvote", "created_at": "20121004020656", "rank": 0, "retweet_count": 0, "id": "253677555092176897"}, {"retweet_history": [{"followers_count": 1013, "retweet_time": "20121004021138", "id": "16950144", "profile_image_url": "http://a0.twimg.com/profile_images/89852498/hairdown-160by240_normal.jpg", "screen_name": "RickHorowitz"}], "creator": {"creator_img": "http://a0.twimg.com/profile_images/89852498/hairdown-160by240_normal.jpg", "id": "16950144", "creator": "RickHorowitz"}, "text": "@LatinoPolitics There's a moderator? #voiceyourvote #belatino #latism #debates #debate2012", "created_at": "20121004021138", "rank": 0, "retweet_count": 0, "id": "253678735922962432"}, {"retweet_history": [{"followers_count": 762, "retweet_time": "20121004025759", "id": "86635423", "profile_image_url": "http://a0.twimg.com/profile_images/2186511970/smile_normal.jpg", "screen_name": "yasmag"}], "creator": {"creator_img": "http://a0.twimg.com/profile_images/2186511970/smile_normal.jpg", "id": "86635423", "creator": "yasmag"}, "text": "YOU can change that #VoiceYourVote \u201c@CarlyBabooskii: I hate that Louisiana is a republican state .\u201d", "created_at": "20121004025759", "rank": 0, "retweet_count": 0, "id": "253690399682600960"}], "start": "20121004014006", "end": "20121004025759", "name": "VoiceYourVote"}, {"content": [{"retweet_history": [{"followers_count": 2321, "retweet_time": "20121004023346", "id": "18338516", "profile_image_url": "http://a0.twimg.com/profile_images/2564016701/cs03tdrdqvx420lrirv7_normal.jpeg", "screen_name": "Sil_Lai"}, {"followers_count": 182, "retweet_time": "20121004024010", "id": "189359640", "profile_image_url": "http://a0.twimg.com/profile_images/2718483754/ba5ff2413f57a6d6c8926d100230b70b_normal.jpeg", "screen_name": "tricey2much"}], "creator": {"creator_img": "http://a0.twimg.com/profile_images/2564016701/cs03tdrdqvx420lrirv7_normal.jpeg", "id": "18338516", "creator": "Sil_Lai"}, "text": "#FireJimLehrer", "created_at": "20121004023346", "rank": 9284, "retweet_count": 4, "id": "253684306969513985"}, {"retweet_history": [{"followers_count": 45, "retweet_time": "20121004023630", "id": "258994652", "profile_image_url": "http://a0.twimg.com/profile_images/1261794992/twitter1_normal.jpg", "screen_name": "lisamreist"}], "creator": {"creator_img": "http://a0.twimg.com/profile_images/1261794992/twitter1_normal.jpg", "id": "258994652", "creator": "lisamreist"}, "text": "Amy Goodman for moderator. #FireJimLehrer #RehireBigBird #debatedenver #shitstorm2012", "created_at": "20121004023630", "rank": 0, "retweet_count": 0, "id": "253684995112198147"}], "start": "20121004023346", "end": "20121004023630", "name": "FireJimLehrer"}, {"content": [{"retweet_history": [{"followers_count": 164, "retweet_time": "20121004012446", "id": "90922180", "profile_image_url": "http://a0.twimg.com/profile_images/2750656865/57dcbc3e19bc2fb87f4041d9508c2cbf_normal.jpeg", "screen_name": "MattMaiorana"}], "creator": {"creator_img": "http://a0.twimg.com/profile_images/2750656865/57dcbc3e19bc2fb87f4041d9508c2cbf_normal.jpeg", "id": "90922180", "creator": "MattMaiorana"}, "text": "#debate #debate #debate #debate #debate #debate #debate #debate #debate #debate #debate #debate #debate #debate #debate #debate!!!!!! Yay.", "created_at": "20121004012446", "rank": 0, "retweet_count": 0, "id": "253666942735482880"}, {"retweet_history": [{"followers_count": 117, "retweet_time": "20121004012933", "id": "158549760", "profile_image_url": "http://a0.twimg.com/profile_images/2497067148/bdainas_normal.jpg", "screen_name": "bdainas"}], "creator": {"creator_img": "http://a0.twimg.com/profile_images/2497067148/bdainas_normal.jpg", "id": "158549760", "creator": "bdainas"}, "text": "#unfollow \u201c@Hello_JoMo @bdainas Debate debate debate debate debate debate debate debate debate debate debate debate debate debate debate\u201d", "created_at": "20121004012933", "rank": 0, "retweet_count": 0, "id": "253668146144231424"}, {"retweet_history": [{"followers_count": 170, "retweet_time": "20121004013421", "id": "358778031", "profile_image_url": "http://a0.twimg.com/profile_images/2763732958/0a0aaffe6f69431742cb6341abb38d6e_normal.jpeg", "screen_name": "morecatsplease"}], "creator": {"creator_img": "http://a0.twimg.com/profile_images/2763732958/0a0aaffe6f69431742cb6341abb38d6e_normal.jpeg", "id": "358778031", "creator": "morecatsplease"}, "text": "Debate debate debate debate Debate debate debate debate Debate debate debate debate Debate debate debate debate", "created_at": "20121004013421", "rank": 0, "retweet_count": 0, "id": "253669354602917888"}, {"retweet_history": [{"followers_count": 1385, "retweet_time": "20121004015517", "id": "269617878", "profile_image_url": "http://a0.twimg.com/profile_images/2782563977/64f335b584904c8cfb876e0984fe0cf4_normal.jpeg", "screen_name": "A_Cuban_Boy"}], "creator": {"creator_img": "http://a0.twimg.com/profile_images/2782563977/64f335b584904c8cfb876e0984fe0cf4_normal.jpeg", "id": "269617878", "creator": "A_Cuban_Boy"}, "text": "DEBATE DEBATE DEBATE DEBATE DEBATE DEBATE DEBATE DEBATE DEBATE DEBATE DEBATE DEBATE DEBATE DEBATE DEBATE DEBATE DEBATE DEBATE DEBATE DEBATE", "created_at": "20121004015517", "rank": 1385, "retweet_count": 1, "id": "253674622996865024"}, {"retweet_history": [{"followers_count": 95, "retweet_time": "20121004020206", "id": "210531676", "profile_image_url": "http://a0.twimg.com/profile_images/2760948566/c00d22a738da4538d9ac10cd5c27240d_normal.png", "screen_name": "Thelordofpi"}], "creator": {"creator_img": "http://a0.twimg.com/profile_images/2760948566/c00d22a738da4538d9ac10cd5c27240d_normal.png", "id": "210531676", "creator": "Thelordofpi"}, "text": "my TL: debate debate debate debate debate debate food debate debate food debate", "created_at": "20121004020206", "rank": 0, "retweet_count": 0, "id": "253676338681106434"}, {"retweet_history": [{"followers_count": 22990, "retweet_time": "20121004021117", "id": "549023394", "profile_image_url": "http://a0.twimg.com/profile_images/2684730350/a1fce0760b514e9efb143f30e0a882a7_normal.jpeg", "screen_name": "nobodyjake"}, {"followers_count": 339, "retweet_time": "20121004021206", "id": "492539674", "profile_image_url": "http://a0.twimg.com/profile_images/2610754194/image_normal.jpg", "screen_name": "katieuckotter"}, {"followers_count": 57, "retweet_time": "20121004021229", "id": "472674987", "profile_image_url": "http://a0.twimg.com/profile_images/2786896835/99936ad3cea56005b4fe1f16f0692b5e_normal.jpeg", "screen_name": "byeidk"}, {"followers_count": 1741, "retweet_time": "20121004021201", "id": "395094440", "profile_image_url": "http://a0.twimg.com/profile_images/2799398654/e2cd0d3d0390019366569c49444b4bbb_normal.jpeg", "screen_name": "kelsgibbz"}], "creator": {"creator_img": "http://a0.twimg.com/profile_images/2684730350/a1fce0760b514e9efb143f30e0a882a7_normal.jpeg", "id": "549023394", "creator": "nobodyjake"}, "text": "timeline: debate debate debate debate debate debate gay debate debate debate.", "created_at": "20121004021117", "rank": 3195610, "retweet_count": 139, "id": "253678646684966912"}, {"retweet_history": [{"followers_count": 394, "retweet_time": "20121004022048", "id": "202441282", "profile_image_url": "http://a0.twimg.com/profile_images/2621776341/image_normal.jpg", "screen_name": "emrehard"}], "creator": {"creator_img": "http://a0.twimg.com/profile_images/2621776341/image_normal.jpg", "id": "202441282", "creator": "emrehard"}, "text": "DEBATE DEBATE DEBATE DEBATE DEBATE DEBATE DEBATE DEBATE DEBATE DEBATE @cyclemelbronian", "created_at": "20121004022048", "rank": 394, "retweet_count": 1, "id": "253681044291723266"}], "start": "20121004011529", "end": "20121004022048", "name": "Debate"}, {"content": [{"retweet_history": [{"followers_count": 640, "retweet_time": "20121004052524", "id": "166396010", "profile_image_url": "http://a0.twimg.com/profile_images/2710297147/84d35025cc41acff4b077b39cd7d98ad_normal.png", "screen_name": "KidBiebrauhl"}], "creator": {"creator_img": "http://a0.twimg.com/profile_images/2703027172/8010c17a8c9512f0c783dbff5158ef06_normal.jpeg", "id": "284245727", "creator": "TheSwagMafia"}, "text": "The OLLGs for the Believe tour should be wearing gold and black....Not purple....", "created_at": "20121004052345", "rank": 10183, "retweet_count": 1, "id": "253727084906692609"}, {"retweet_history": [{"followers_count": 1370, "retweet_time": "20121004052436", "id": "330758248", "profile_image_url": "http://a0.twimg.com/profile_images/2787375155/9f7c89f2d440601e51cfbabd9a73d78e_normal.jpeg", "screen_name": "_7twentysix"}], "creator": {"creator_img": "http://a0.twimg.com/profile_images/2787375155/9f7c89f2d440601e51cfbabd9a73d78e_normal.jpeg", "id": "330758248", "creator": "_7twentysix"}, "text": "I'm not feeling this color purple on my braces!!!!! Idk why I picked this color", "created_at": "20121004052436", "rank": 0, "retweet_count": 0, "id": "253727299642462208"}, {"retweet_history": [{"followers_count": 10306, "retweet_time": "20121004052858", "id": "338465476", "profile_image_url": "http://a0.twimg.com/profile_images/2771534554/da0ae51dce961103db16f21f0e11e210_normal.png", "screen_name": "iBieber_Candy"}], "creator": {"creator_img": "http://a0.twimg.com/profile_images/2771534554/da0ae51dce961103db16f21f0e11e210_normal.png", "id": "338465476", "creator": "iBieber_Candy"}, "text": "Black...White &amp; Gold...Not purple...aren't you aware of that? Smfh", "created_at": "20121004052858", "rank": 20612, "retweet_count": 2, "id": "253728396763357186"}, {"retweet_history": [{"followers_count": 228, "retweet_time": "20121004053026", "id": "465273538", "profile_image_url": "http://a0.twimg.com/profile_images/2774004535/3d2f64228dd1c0378adfdc526605eb23_normal.jpeg", "screen_name": "JHitch34"}], "creator": {"creator_img": "http://a0.twimg.com/profile_images/2774004535/3d2f64228dd1c0378adfdc526605eb23_normal.jpeg", "id": "465273538", "creator": "JHitch34"}, "text": "Yeah so we can see purple \ud83d\udc18's an shit", "created_at": "20121004053026", "rank": 228, "retweet_count": 1, "id": "253728766650621952"}, {"retweet_history": [{"followers_count": 154, "retweet_time": "20121004053258", "id": "771159534", "profile_image_url": "http://a0.twimg.com/profile_images/2794194842/6b7b62da430d8b04461a6c6010c1565e_normal.png", "screen_name": "Goshg2deep"}], "creator": {"creator_img": "http://a0.twimg.com/profile_images/2794194842/6b7b62da430d8b04461a6c6010c1565e_normal.png", "id": "771159534", "creator": "Goshg2deep"}, "text": "@Lulu_and_Pix And you taste purple!", "created_at": "20121004053258", "rank": 0, "retweet_count": 0, "id": "253729403966742528"}, {"retweet_history": [{"followers_count": 510, "retweet_time": "20121004053651", "id": "229896657", "profile_image_url": "http://a0.twimg.com/profile_images/2748571705/e41404e2e246a540afe1b36febdcab41_normal.png", "screen_name": "OhAdorauhlble"}], "creator": {"creator_img": "http://a0.twimg.com/profile_images/2748571705/e41404e2e246a540afe1b36febdcab41_normal.png", "id": "229896657", "creator": "OhAdorauhlble"}, "text": "The girls who wore purple to the Believe Tour are so 2000 and late.", "created_at": "20121004053651", "rank": 0, "retweet_count": 0, "id": "253730380396498944"}, {"retweet_history": [{"followers_count": 252, "retweet_time": "20121004053927", "id": "265081130", "profile_image_url": "http://a0.twimg.com/profile_images/2693814169/5fc0a5ecb7c26b21d4918bfda5b51ab0_normal.jpeg", "screen_name": "MOB_toejo"}], "creator": {"creator_img": "http://a0.twimg.com/profile_images/2693814169/5fc0a5ecb7c26b21d4918bfda5b51ab0_normal.jpeg", "id": "265081130", "creator": "MOB_toejo"}, "text": "All purple wine ain't equal that shit was disgusting!!!!", "created_at": "20121004053927", "rank": 0, "retweet_count": 0, "id": "253731037081911298"}, {"retweet_history": [{"followers_count": 526, "retweet_time": "20121004054627", "id": "598745725", "profile_image_url": "http://a0.twimg.com/profile_images/2692913074/d8a373e98be14ffb5c64da3556fb8b38_normal.jpeg", "screen_name": "_JustTeal"}], "creator": {"creator_img": "http://a0.twimg.com/profile_images/2692913074/d8a373e98be14ffb5c64da3556fb8b38_normal.jpeg", "id": "598745725", "creator": "_JustTeal"}, "text": "@SIVMESEKiDD @mskel_529 @_justteal purple sounds like a winner...might get that.", "created_at": "20121004054627", "rank": 526, "retweet_count": 1, "id": "253732794604322816"}, {"retweet_history": [{"followers_count": 315, "retweet_time": "20121004055501", "id": "170899139", "profile_image_url": "http://a0.twimg.com/profile_images/2727792946/b0ae751e69bf1e80a844d613d7b453a0_normal.jpeg", "screen_name": "chrisyassin"}], "creator": {"creator_img": "http://a0.twimg.com/profile_images/2727792946/b0ae751e69bf1e80a844d613d7b453a0_normal.jpeg", "id": "170899139", "creator": "chrisyassin"}, "text": "@NINJABSTER purple", "created_at": "20121004055501", "rank": 0, "retweet_count": 0, "id": "253734950531104768"}, {"retweet_history": [{"followers_count": 10306, "retweet_time": "20121004060053", "id": "338465476", "profile_image_url": "http://a0.twimg.com/profile_images/2771534554/da0ae51dce961103db16f21f0e11e210_normal.png", "screen_name": "iBieber_Candy"}], "creator": {"creator_img": "http://a0.twimg.com/profile_images/2771534554/da0ae51dce961103db16f21f0e11e210_normal.png", "id": "338465476", "creator": "iBieber_Candy"}, "text": "Some Beliebers think its 2010 &amp; wear purple ._. Ok.", "created_at": "20121004060053", "rank": 30918, "retweet_count": 3, "id": "253736430935867392"}], "start": "20121004052300", "end": "20121004060053", "name": "PURPLE"}, {"content": [{"retweet_history": [{"followers_count": 4, "retweet_time": "20121004020856", "id": "259952922", "profile_image_url": "http://a0.twimg.com/profile_images/1447123549/image_normal.jpg", "screen_name": "cxpistol"}], "creator": {"creator_img": "http://a0.twimg.com/profile_images/1447123549/image_normal.jpg", "id": "259952922", "creator": "cxpistol"}, "text": "#debates", "created_at": "20121004020856", "rank": 0, "retweet_count": 0, "id": "253678057678843904"}, {"retweet_history": [{"followers_count": 8, "retweet_time": "20121004020921", "id": "23155619", "profile_image_url": "http://a0.twimg.com/profile_images/878621873/cutest_dog_in_the_world_normal.jpg", "screen_name": "angelvalley"}], "creator": {"creator_img": "http://a0.twimg.com/profile_images/878621873/cutest_dog_in_the_world_normal.jpg", "id": "23155619", "creator": "angelvalley"}, "text": "#debates", "created_at": "20121004020921", "rank": 0, "retweet_count": 0, "id": "253678163371122689"}, {"retweet_history": [{"followers_count": 652, "retweet_time": "20121004021139", "id": "14189557", "profile_image_url": "http://a0.twimg.com/profile_images/2579742724/n9j29m39b23a65os0ra2_normal.jpeg", "screen_name": "ThroMyEyez"}], "creator": {"creator_img": "http://a0.twimg.com/profile_images/2579742724/n9j29m39b23a65os0ra2_normal.jpeg", "id": "14189557", "creator": "ThroMyEyez"}, "text": "*debates", "created_at": "20121004021139", "rank": 0, "retweet_count": 0, "id": "253678740645744641"}, {"retweet_history": [{"followers_count": 144, "retweet_time": "20121004021207", "id": "23102256", "profile_image_url": "http://a0.twimg.com/profile_images/1683318436/igor_normal.jpg", "screen_name": "hairpants"}], "creator": {"creator_img": "http://a0.twimg.com/profile_images/1683318436/igor_normal.jpg", "id": "23102256", "creator": "hairpants"}, "text": "8! #debates", "created_at": "20121004021207", "rank": 0, "retweet_count": 0, "id": "253678859436847104"}, {"retweet_history": [{"followers_count": 179, "retweet_time": "20121004021344", "id": "71434795", "profile_image_url": "http://a0.twimg.com/profile_images/2570418026/image_normal.jpg", "screen_name": "MaxF1997"}], "creator": {"creator_img": "http://a0.twimg.com/profile_images/2570418026/image_normal.jpg", "id": "71434795", "creator": "MaxF1997"}, "text": "Political debates are intense... Its like religion debates... #debates", "created_at": "20121004021344", "rank": 0, "retweet_count": 0, "id": "253679263293771776"}, {"retweet_history": [{"followers_count": 110, "retweet_time": "20121004022357", "id": "517202316", "profile_image_url": "http://a0.twimg.com/profile_images/2427717131/vcqjwjxfafceele5pyed_normal.jpeg", "screen_name": "Alnanas"}], "creator": {"creator_img": "http://a0.twimg.com/profile_images/2427717131/vcqjwjxfafceele5pyed_normal.jpeg", "id": "517202316", "creator": "Alnanas"}, "text": "Didn't expect the debates to be fictional #debates", "created_at": "20121004022357", "rank": 0, "retweet_count": 0, "id": "253681834892857344"}, {"retweet_history": [{"followers_count": 106816, "retweet_time": "20121004023827", "id": "22411342", "profile_image_url": "http://a0.twimg.com/profile_images/1968685008/533925_10150685233909820_38876179819_9051930_1787590438_n_normal.jpg", "screen_name": "MrScottEddy"}], "creator": {"creator_img": "http://a0.twimg.com/profile_images/1968685008/533925_10150685233909820_38876179819_9051930_1787590438_n_normal.jpg", "id": "22411342", "creator": "MrScottEddy"}, "text": "#BigBird #Debates #BigBird #Debates #BigBird #Debates #BigBird #Debates", "created_at": "20121004023827", "rank": 106816, "retweet_count": 1, "id": "253685484373569536"}, {"retweet_history": [{"followers_count": 350, "retweet_time": "20121004033443", "id": "47887489", "profile_image_url": "http://a0.twimg.com/profile_images/2796116670/be9002865417fa96e73d6d38e2e467d5_normal.jpeg", "screen_name": "ybaH12"}], "creator": {"creator_img": "http://a0.twimg.com/profile_images/2796116670/be9002865417fa96e73d6d38e2e467d5_normal.jpeg", "id": "47887489", "creator": "ybaH12"}, "text": "Debates going on about debates. #DebateInception2012", "created_at": "20121004033443", "rank": 700, "retweet_count": 2, "id": "253699645950287873"}, {"retweet_history": [{"followers_count": 4771, "retweet_time": "20121004042136", "id": "14109043", "profile_image_url": "http://a0.twimg.com/profile_images/2155390775/Apr_21__2012_-_1_normal.jpg", "screen_name": "tdhurst"}], "creator": {"creator_img": "http://a0.twimg.com/profile_images/2155390775/Apr_21__2012_-_1_normal.jpg", "id": "14109043", "creator": "tdhurst"}, "text": "#debates debates are boring", "created_at": "20121004042136", "rank": 0, "retweet_count": 0, "id": "253711441532706816"}, {"retweet_history": [{"followers_count": 143, "retweet_time": "20121004050633", "id": "341156959", "profile_image_url": "http://a0.twimg.com/profile_images/2728090570/70786f595d295e320944a228cb1ffd1e_normal.jpeg", "screen_name": "heyhiitssierra"}], "creator": {"creator_img": "http://a0.twimg.com/profile_images/2728090570/70786f595d295e320944a228cb1ffd1e_normal.jpeg", "id": "341156959", "creator": "heyhiitssierra"}, "text": "Oh debates about debates.", "created_at": "20121004050633", "rank": 0, "retweet_count": 0, "id": "253722757118963713"}], "start": "20121004020838", "end": "20121004050633", "name": "Debates"}], "end": "20121004020838", "users": [{"followers_count": 887, "id": "246628461", "behavior": [1, 0, 0, 0, 0, 0, 0, 0, 0, 0, 0, 0, 0, 0, 0, 0, 0, 0, 0], "screen_name": "Fleckman"}, {"followers_count": 1145, "id": "16132362", "behavior": [1, 0, 0, 0, 0, 0, 0, 0, 0, 0, 0, 0, 0, 0, 0, 0, 0, 0, 0], "screen_name": "CabaretArtist"}, {"followers_count": 1283, "id": "107156426", "behavior": [1, 0, 0, 0, 0, 0, 0, 0, 0, 0, 0, 0, 0, 0, 0, 0, 0, 0, 0], "screen_name": "Barkingskwerl"}, {"followers_count": 321, "id": "28730113", "behavior": [1, 0, 0, 0, 0, 0, 0, 0, 0, 0, 0, 0, 0, 0, 0, 0, 0, 0, 0], "screen_name": "jonmanderson"}, {"followers_count": 16160, "id": "41410702", "behavior": [1, 0, 0, 0, 0, 0, 0, 0, 0, 0, 0, 0, 0, 0, 0, 0, 0, 0, 0], "screen_name": "RBPundit"}, {"followers_count": 91, "id": "476317950", "behavior": [1, 0, 0, 0, 0, 0, 0, 0, 0, 0, 0, 0, 0, 0, 0, 0, 0, 0, 0], "screen_name": "Son_0f_A_Man"}, {"followers_count": 211, "id": "16352184", "behavior": [1, 0, 0, 0, 0, 0, 0, 0, 0, 0, 0, 0, 0, 0, 0, 0, 0, 0, 0], "screen_name": "lizap"}, {"followers_count": 779, "id": "374941126", "behavior": [1, 0, 0, 0, 0, 0, 0, 0, 0, 0, 0, 0, 0, 0, 0, 0, 0, 0, 0], "screen_name": "zanshi1"}, {"followers_count": 620, "id": "299505496", "behavior": [1, 0, 0, 0, 0, 0, 0, 0, 0, 0, 0, 0, 0, 0, 0, 0, 0, 0, 0], "screen_name": "bfinstock"}, {"followers_count": 481, "id": "42040362", "behavior": [1, 0, 0, 0, 0, 0, 0, 0, 0, 0, 0, 0, 0, 0, 0, 0, 0, 0, 0], "screen_name": "DearDeborah"}, {"followers_count": 2321, "id": "18338516", "behavior": [0, 1, 0, 1, 0, 0, 1, 0, 1, 0, 0, 1, 1, 1, 0, 1, 0, 0, 0], "screen_name": "Sil_Lai"}, {"followers_count": 531, "id": "16882376", "behavior": [0, 1, 0, 0, 0, 0, 0, 0, 0, 0, 0, 0, 0, 0, 0, 0, 0, 0, 0], "screen_name": "jeanenecannon"}, {"followers_count": 840, "id": "97973012", "behavior": [0, 1, 0, 0, 0, 0, 0, 0, 0, 0, 0, 0, 0, 0, 0, 0, 0, 0, 0], "screen_name": "GoldenDiva1"}, {"followers_count": 333, "id": "321583140", "behavior": [0, 0, 1, 0, 0, 0, 0, 0, 0, 0, 0, 0, 0, 0, 0, 0, 0, 0, 0], "screen_name": "tristman_"}, {"followers_count": 458, "id": "859088119", "behavior": [0, 0, 1, 0, 0, 0, 0, 0, 0, 0, 0, 0, 0, 0, 0, 0, 0, 0, 0], "screen_name": "DVCompliments"}, {"followers_count": 166, "id": "49275491", "behavior": [0, 0, 1, 0, 0, 0, 0, 0, 0, 0, 0, 0, 0, 0, 0, 0, 0, 0, 0], "screen_name": "AslandTheLion"}, {"followers_count": 198, "id": "17140329", "behavior": [0, 0, 1, 0, 0, 0, 0, 0, 0, 0, 0, 0, 0, 0, 0, 0, 0, 0, 0], "screen_name": "Neilosophy"}, {"followers_count": 173, "id": "546571909", "behavior": [0, 0, 1, 0, 0, 0, 0, 0, 0, 0, 0, 0, 0, 0, 0, 0, 0, 0, 0], "screen_name": "AznInvn"}, {"followers_count": 9, "id": "860590038", "behavior": [0, 0, 0, 0, 1, 0, 0, 0, 0, 0, 0, 0, 0, 0, 0, 0, 0, 0, 0], "screen_name": "2012DebateHighh"}, {"followers_count": 230, "id": "109082843", "behavior": [0, 0, 0, 0, 1, 0, 0, 0, 0, 0, 0, 0, 0, 0, 0, 0, 0, 0, 0], "screen_name": "emily_grove"}, {"followers_count": 125, "id": "27380989", "behavior": [0, 0, 0, 0, 1, 0, 0, 0, 0, 0, 0, 0, 0, 0, 0, 0, 0, 0, 0], "screen_name": "MCaravella"}, {"followers_count": 45, "id": "284587437", "behavior": [0, 0, 0, 0, 1, 0, 0, 0, 0, 0, 0, 0, 0, 0, 0, 0, 0, 0, 0], "screen_name": "zuttoshoujo"}, {"followers_count": 106816, "id": "22411342", "behavior": [0, 0, 0, 0, 1, 0, 0, 0, 0, 0, 0, 0, 0, 0, 0, 0, 0, 0, 1], "screen_name": "MrScottEddy"}, {"followers_count": 4771, "id": "14109043", "behavior": [0, 0, 0, 0, 1, 0, 0, 0, 0, 0, 0, 0, 0, 0, 0, 0, 0, 0, 1], "screen_name": "tdhurst"}, {"followers_count": 143, "id": "341156959", "behavior": [0, 0, 0, 0, 1, 0, 0, 0, 0, 0, 0, 0, 0, 0, 0, 0, 0, 0, 1], "screen_name": "heyhiitssierra"}, {"followers_count": 179, "id": "71434795", "behavior": [0, 0, 0, 0, 1, 0, 0, 0, 0, 0, 0, 0, 0, 0, 0, 0, 0, 0, 1], "screen_name": "MaxF1997"}, {"followers_count": 110, "id": "517202316", "behavior": [0, 0, 0, 0, 1, 0, 0, 0, 0, 0, 0, 0, 0, 0, 0, 0, 0, 0, 1], "screen_name": "Alnanas"}, {"followers_count": 350, "id": "47887489", "behavior": [0, 0, 0, 0, 1, 0, 0, 0, 0, 0, 0, 0, 0, 0, 0, 0, 0, 0, 1], "screen_name": "ybaH12"}, {"followers_count": 216, "id": "116517438", "behavior": [0, 0, 0, 0, 0, 1, 0, 0, 0, 0, 0, 0, 0, 0, 1, 0, 0, 0, 0], "screen_name": "EleshaBarnette"}, {"followers_count": 1511, "id": "27151743", "behavior": [0, 0, 0, 0, 0, 1, 0, 0, 0, 0, 0, 0, 0, 0, 0, 0, 0, 0, 0], "screen_name": "teamIMPACT"}, {"followers_count": 393, "id": "146321451", "behavior": [0, 0, 0, 0, 0, 1, 0, 0, 0, 0, 0, 0, 0, 0, 0, 0, 0, 0, 0], "screen_name": "SAY_IT_LOUD_"}, {"followers_count": 376, "id": "2200571", "behavior": [0, 0, 0, 0, 0, 1, 0, 0, 0, 0, 0, 0, 0, 0, 0, 0, 0, 0, 0], "screen_name": "iKristen"}, {"followers_count": 382, "id": "259551083", "behavior": [0, 0, 0, 0, 0, 1, 0, 0, 0, 0, 0, 0, 0, 0, 0, 0, 0, 0, 0], "screen_name": "OverAnalystVera"}, {"followers_count": 287, "id": "342151974", "behavior": [0, 0, 0, 0, 0, 1, 0, 0, 0, 0, 0, 0, 0, 0, 0, 0, 0, 0, 0], "screen_name": "TakeiTooToniee"}, {"followers_count": 154, "id": "279598751", "behavior": [0, 0, 0, 0, 0, 1, 0, 0, 0, 0, 0, 0, 0, 0, 0, 0, 0, 0, 0], "screen_name": "AilesPerdues"}, {"followers_count": 2567, "id": "198370609", "behavior": [0, 0, 0, 0, 0, 0, 0, 1, 0, 0, 0, 0, 0, 0, 0, 0, 0, 0, 0], "screen_name": "ATLHearts1D"}, {"followers_count": 361, "id": "260966371", "behavior": [0, 0, 0, 0, 0, 0, 0, 1, 0, 0, 0, 0, 0, 0, 0, 0, 0, 0, 0], "screen_name": "lolacabola"}, {"followers_count": 472, "id": "8524102", "behavior": [0, 0, 0, 0, 0, 0, 0, 1, 0, 0, 0, 0, 0, 0, 0, 0, 0, 0, 0], "screen_name": "toreilly"}, {"followers_count": 49, "id": "489540420", "behavior": [0, 0, 0, 0, 0, 0, 0, 1, 0, 0, 0, 0, 0, 0, 0, 0, 0, 0, 0], "screen_name": "murraystu"}, {"followers_count": 374, "id": "512697380", "behavior": [0, 0, 0, 0, 0, 0, 0, 1, 0, 0, 0, 0, 0, 0, 0, 0, 0, 0, 0], "screen_name": "lduck623"}, {"followers_count": 2325, "id": "317802749", "behavior": [0, 0, 0, 0, 0, 0, 0, 1, 0, 0, 0, 0, 0, 0, 0, 0, 0, 0, 0], "screen_name": "lord_fagtaguise"}, {"followers_count": 3999, "id": "260527870", "behavior": [0, 0, 0, 0, 0, 0, 0, 1, 0, 0, 0, 0, 0, 0, 0, 0, 0, 0, 0], "screen_name": "1Dittlinger"}, {"followers_count": 486, "id": "764976786", "behavior": [0, 0, 0, 0, 0, 0, 0, 1, 0, 0, 0, 0, 0, 0, 0, 0, 0, 0, 0], "screen_name": "SweetThing2U"}, {"followers_count": 7, "id": "797185969", "behavior": [0, 0, 0, 0, 0, 0, 0, 1, 0, 0, 0, 0, 0, 0, 0, 0, 0, 0, 0], "screen_name": "stiles_gis"}, {"followers_count": 304, "id": "537952595", "behavior": [0, 0, 0, 0, 0, 0, 0, 1, 0, 0, 0, 0, 0, 0, 0, 0, 0, 0, 0], "screen_name": "LoudAndClearGOP"}, {"followers_count": 885, "id": "26037539", "behavior": [0, 0, 0, 0, 0, 0, 0, 0, 1, 0, 0, 0, 0, 0, 0, 0, 0, 0, 0], "screen_name": "AshikiKC"}, {"followers_count": 175, "id": "28564844", "behavior": [0, 0, 0, 0, 0, 0, 0, 0, 1, 0, 0, 0, 0, 0, 0, 0, 0, 0, 0], "screen_name": "futuristic_flow"}, {"followers_count": 97825, "id": "34376087", "behavior": [0, 0, 0, 0, 0, 0, 0, 0, 1, 0, 0, 0, 0, 0, 0, 0, 0, 0, 0], "screen_name": "twiteconomy"}, {"followers_count": 169, "id": "51277225", "behavior": [0, 0, 0, 0, 0, 0, 0, 0, 1, 0, 0, 0, 0, 0, 0, 0, 0, 0, 0], "screen_name": "poliSW"}, {"followers_count": 1385, "id": "269617878", "behavior": [0, 0, 0, 0, 0, 0, 0, 0, 0, 1, 0, 0, 0, 0, 0, 0, 1, 0, 0], "screen_name": "A_Cuban_Boy"}, {"followers_count": 170, "id": "358778031", "behavior": [0, 0, 0, 0, 0, 0, 0, 0, 0, 1, 0, 0, 0, 0, 0, 0, 1, 0, 0], "screen_name": "morecatsplease"}, {"followers_count": 117, "id": "158549760", "behavior": [0, 0, 0, 0, 0, 0, 0, 0, 0, 1, 0, 0, 0, 0, 0, 0, 1, 0, 0], "screen_name": "bdainas"}, {"followers_count": 394, "id": "202441282", "behavior": [0, 0, 0, 0, 0, 0, 0, 0, 0, 1, 0, 0, 0, 0, 0, 0, 1, 0, 0], "screen_name": "emrehard"}, {"followers_count": 22990, "id": "549023394", "behavior": [0, 0, 0, 0, 0, 0, 0, 0, 0, 1, 0, 0, 0, 0, 0, 0, 1, 0, 0], "screen_name": "nobodyjake"}, {"followers_count": 95, "id": "210531676", "behavior": [0, 0, 0, 0, 0, 0, 0, 0, 0, 1, 0, 0, 0, 0, 0, 0, 1, 0, 0], "screen_name": "Thelordofpi"}, {"followers_count": 339, "id": "492539674", "behavior": [0, 0, 0, 0, 0, 0, 0, 0, 0, 1, 0, 0, 0, 0, 0, 0, 1, 0, 0], "screen_name": "katieuckotter"}, {"followers_count": 57, "id": "472674987", "behavior": [0, 0, 0, 0, 0, 0, 0, 0, 0, 1, 0, 0, 0, 0, 0, 0, 1, 0, 0], "screen_name": "byeidk"}, {"followers_count": 1741, "id": "395094440", "behavior": [0, 0, 0, 0, 0, 0, 0, 0, 0, 1, 0, 0, 0, 0, 0, 0, 1, 0, 0], "screen_name": "kelsgibbz"}, {"followers_count": 67, "id": "424621930", "behavior": [0, 0, 0, 0, 0, 0, 0, 0, 0, 1, 0, 0, 0, 0, 0, 0, 0, 0, 0], "screen_name": "idgi_darling"}, {"followers_count": 110, "id": "80180686", "behavior": [0, 0, 0, 0, 0, 0, 0, 0, 0, 0, 1, 0, 0, 0, 0, 0, 0, 0, 0], "screen_name": "Big_Blue15"}, {"followers_count": 2152, "id": "26300814", "behavior": [0, 0, 0, 0, 0, 0, 0, 0, 0, 0, 1, 0, 0, 0, 0, 0, 0, 0, 0], "screen_name": "thinkpointclick"}, {"followers_count": 2554, "id": "14850798", "behavior": [0, 0, 0, 0, 0, 0, 0, 0, 0, 0, 1, 0, 0, 0, 0, 0, 0, 0, 0], "screen_name": "jdakar"}, {"followers_count": 134, "id": "218355898", "behavior": [0, 0, 0, 0, 0, 0, 0, 0, 0, 0, 1, 0, 0, 0, 0, 0, 0, 0, 0], "screen_name": "superstarnic23"}, {"followers_count": 2750, "id": "57842498", "behavior": [0, 0, 0, 0, 0, 0, 0, 0, 0, 0, 1, 0, 0, 0, 0, 0, 0, 0, 0], "screen_name": "PoliticalJones"}, {"followers_count": 871, "id": "16397507", "behavior": [0, 0, 0, 0, 0, 0, 0, 0, 0, 0, 1, 0, 0, 0, 0, 0, 0, 0, 0], "screen_name": "truthrose1"}, {"followers_count": 33, "id": "541349097", "behavior": [0, 0, 0, 0, 0, 0, 0, 0, 0, 0, 1, 0, 0, 0, 0, 0, 0, 0, 0], "screen_name": "MichaelJ0rdan_"}, {"followers_count": 101, "id": "298403730", "behavior": [0, 0, 0, 0, 0, 0, 0, 0, 0, 0, 1, 0, 0, 0, 0, 0, 0, 0, 0], "screen_name": "Gil_Laury"}, {"followers_count": 405, "id": "24489415", "behavior": [0, 0, 0, 0, 0, 0, 0, 0, 0, 0, 0, 1, 0, 0, 0, 0, 0, 0, 0], "screen_name": "ileannaaa"}, {"followers_count": 853, "id": "147601825", "behavior": [0, 0, 0, 0, 0, 0, 0, 0, 0, 0, 0, 1, 0, 0, 0, 0, 0, 0, 0], "screen_name": "lroy479"}, {"followers_count": 201, "id": "127514440", "behavior": [0, 0, 0, 0, 0, 0, 0, 0, 0, 0, 0, 1, 0, 0, 0, 0, 0, 0, 0], "screen_name": "Nikki_tha_G"}, {"followers_count": 434, "id": "385764650", "behavior": [0, 0, 0, 0, 0, 0, 0, 0, 0, 0, 0, 1, 0, 0, 0, 0, 0, 0, 0], "screen_name": "RonRazor1"}, {"followers_count": 310, "id": "192429724", "behavior": [0, 0, 0, 0, 0, 0, 0, 0, 0, 0, 0, 0, 0, 1, 0, 0, 0, 0, 0], "screen_name": "lendyy_"}, {"followers_count": 172, "id": "280803085", "behavior": [0, 0, 0, 0, 0, 0, 0, 0, 0, 0, 0, 0, 0, 1, 0, 0, 0, 0, 0], "screen_name": "MoStuck_3"}, {"followers_count": 127, "id": "555142523", "behavior": [0, 0, 0, 0, 0, 0, 0, 0, 0, 0, 0, 0, 0, 0, 1, 0, 0, 0, 0], "screen_name": "DavidKluth"}, {"followers_count": 762, "id": "86635423", "behavior": [0, 0, 0, 0, 0, 0, 0, 0, 0, 0, 0, 0, 0, 0, 1, 0, 0, 0, 0], "screen_name": "yasmag"}, {"followers_count": 1013, "id": "16950144", "behavior": [0, 0, 0, 0, 0, 0, 0, 0, 0, 0, 0, 0, 0, 0, 1, 0, 0, 0, 0], "screen_name": "RickHorowitz"}, {"followers_count": 785, "id": "420167802", "behavior": [0, 0, 0, 0, 0, 0, 0, 0, 0, 0, 0, 0, 0, 0, 1, 0, 0, 0, 0], "screen_name": "JamesDDetroit"}, {"followers_count": 1874, "id": "136161105", "behavior": [0, 0, 0, 0, 0, 0, 0, 0, 0, 0, 0, 0, 0, 0, 1, 0, 0, 0, 0], "screen_name": "JenebaSpeaks"}, {"followers_count": 13837, "id": "112549655", "behavior": [0, 0, 0, 0, 0, 0, 0, 0, 0, 0, 0, 0, 0, 0, 1, 0, 0, 0, 0], "screen_name": "Politic365"}, {"followers_count": 9022, "id": "67194113", "behavior": [0, 0, 0, 0, 0, 0, 0, 0, 0, 0, 0, 0, 0, 0, 1, 0, 0, 0, 0], "screen_name": "Crewof42"}, {"followers_count": 182, "id": "189359640", "behavior": [0, 0, 0, 0, 0, 0, 0, 0, 0, 0, 0, 0, 0, 0, 0, 1, 0, 0, 0], "screen_name": "tricey2much"}, {"followers_count": 45, "id": "258994652", "behavior": [0, 0, 0, 0, 0, 0, 0, 0, 0, 0, 0, 0, 0, 0, 0, 1, 0, 0, 0], "screen_name": "lisamreist"}, {"followers_count": 164, "id": "90922180", "behavior": [0, 0, 0, 0, 0, 0, 0, 0, 0, 0, 0, 0, 0, 0, 0, 0, 1, 0, 0], "screen_name": "MattMaiorana"}, {"followers_count": 315, "id": "170899139", "behavior": [0, 0, 0, 0, 0, 0, 0, 0, 0, 0, 0, 0, 0, 0, 0, 0, 0, 1, 0], "screen_name": "chrisyassin"}, {"followers_count": 154, "id": "771159534", "behavior": [0, 0, 0, 0, 0, 0, 0, 0, 0, 0, 0, 0, 0, 0, 0, 0, 0, 1, 0], "screen_name": "Goshg2deep"}, {"followers_count": 228, "id": "465273538", "behavior": [0, 0, 0, 0, 0, 0, 0, 0, 0, 0, 0, 0, 0, 0, 0, 0, 0, 1, 0], "screen_name": "JHitch34"}, {"followers_count": 10306, "id": "338465476", "behavior": [0, 0, 0, 0, 0, 0, 0, 0, 0, 0, 0, 0, 0, 0, 0, 0, 0, 1, 0], "screen_name": "iBieber_Candy"}, {"followers_count": 252, "id": "265081130", "behavior": [0, 0, 0, 0, 0, 0, 0, 0, 0, 0, 0, 0, 0, 0, 0, 0, 0, 1, 0], "screen_name": "MOB_toejo"}, {"followers_count": 1370, "id": "330758248", "behavior": [0, 0, 0, 0, 0, 0, 0, 0, 0, 0, 0, 0, 0, 0, 0, 0, 0, 1, 0], "screen_name": "_7twentysix"}, {"followers_count": 510, "id": "229896657", "behavior": [0, 0, 0, 0, 0, 0, 0, 0, 0, 0, 0, 0, 0, 0, 0, 0, 0, 1, 0], "screen_name": "OhAdorauhlble"}, {"followers_count": 526, "id": "598745725", "behavior": [0, 0, 0, 0, 0, 0, 0, 0, 0, 0, 0, 0, 0, 0, 0, 0, 0, 1, 0], "screen_name": "_JustTeal"}, {"followers_count": 640, "id": "166396010", "behavior": [0, 0, 0, 0, 0, 0, 0, 0, 0, 0, 0, 0, 0, 0, 0, 0, 0, 1, 0], "screen_name": "KidBiebrauhl"}, {"followers_count": 4, "id": "259952922", "behavior": [0, 0, 0, 0, 0, 0, 0, 0, 0, 0, 0, 0, 0, 0, 0, 0, 0, 0, 1], "screen_name": "cxpistol"}, {"followers_count": 8, "id": "23155619", "behavior": [0, 0, 0, 0, 0, 0, 0, 0, 0, 0, 0, 0, 0, 0, 0, 0, 0, 0, 1], "screen_name": "angelvalley"}, {"followers_count": 652, "id": "14189557", "behavior": [0, 0, 0, 0, 0, 0, 0, 0, 0, 0, 0, 0, 0, 0, 0, 0, 0, 0, 1], "screen_name": "ThroMyEyez"}, {"followers_count": 144, "id": "23102256", "behavior": [0, 0, 0, 0, 0, 0, 0, 0, 0, 0, 0, 0, 0, 0, 0, 0, 0, 0, 1], "screen_name": "hairpants"}]}