{"start": "20121004011350", "threads": [{"content": [{"retweet_history": [{"followers_count": 445, "retweet_time": "20121004011354", "id": "96879527", "profile_image_url": "http://a0.twimg.com/profile_images/2687148757/593ce9fab9e663ee8d2dd5e499874b35_normal.jpeg", "screen_name": "KenadyRose"}], "creator": {"creator_img": "http://a0.twimg.com/profile_images/2687148757/593ce9fab9e663ee8d2dd5e499874b35_normal.jpeg", "id": "96879527", "creator": "KenadyRose"}, "text": "#debate2012", "created_at": "20121004011354", "rank": 0, "retweet_count": 0, "id": "253664209177559040"}, {"retweet_history": [{"followers_count": 3423, "retweet_time": "20121004011448", "id": "273192169", "profile_image_url": "http://a0.twimg.com/profile_images/2453232752/ouxfji7a26ucfpukndas_normal.jpeg", "screen_name": "MPM_Chris"}], "creator": {"creator_img": "http://a0.twimg.com/profile_images/2453232752/ouxfji7a26ucfpukndas_normal.jpeg", "id": "273192169", "creator": "MPM_Chris"}, "text": "#debate2012", "created_at": "20121004011448", "rank": 3423, "retweet_count": 1, "id": "253664432171921408"}, {"retweet_history": [{"followers_count": 422, "retweet_time": "20121004011522", "id": "395130534", "profile_image_url": "http://a0.twimg.com/profile_images/2646689023/bd0a85319da89940fa6dc446fa3dcaf7_normal.jpeg", "screen_name": "josedupuy14"}], "creator": {"creator_img": "http://a0.twimg.com/profile_images/2646689023/bd0a85319da89940fa6dc446fa3dcaf7_normal.jpeg", "id": "395130534", "creator": "josedupuy14"}, "text": "#Debate2012", "created_at": "20121004011522", "rank": 422, "retweet_count": 1, "id": "253664576804114432"}, {"retweet_history": [{"followers_count": 370, "retweet_time": "20121004011608", "id": "149771670", "profile_image_url": "http://a0.twimg.com/profile_images/2557993112/mzhoov_normal.jpg", "screen_name": "mzhoov"}], "creator": {"creator_img": "http://a0.twimg.com/profile_images/2557993112/mzhoov_normal.jpg", "id": "149771670", "creator": "mzhoov"}, "text": "#debate2012", "created_at": "20121004011608", "rank": 0, "retweet_count": 0, "id": "253664770270576640"}, {"retweet_history": [{"followers_count": 379, "retweet_time": "20121004011616", "id": "41738796", "profile_image_url": "http://a0.twimg.com/profile_images/2667244250/70b504c1c148d30d6ab9ebc412c444d2_normal.jpeg", "screen_name": "unBRokEn_faith"}], "creator": {"creator_img": "http://a0.twimg.com/profile_images/2667244250/70b504c1c148d30d6ab9ebc412c444d2_normal.jpeg", "id": "41738796", "creator": "unBRokEn_faith"}, "text": "#Debate2012", "created_at": "20121004011616", "rank": 0, "retweet_count": 0, "id": "253664801044176896"}, {"retweet_history": [{"followers_count": 1332, "retweet_time": "20121004011618", "id": "237059095", "profile_image_url": "http://a0.twimg.com/profile_images/2808848728/91f0336b7ce28bf1c0ee5e3e9c317d28_normal.jpeg", "screen_name": "1StylishStylist"}], "creator": {"creator_img": "http://a0.twimg.com/profile_images/2808848728/91f0336b7ce28bf1c0ee5e3e9c317d28_normal.jpeg", "id": "237059095", "creator": "1StylishStylist"}, "text": "#debate2012", "created_at": "20121004011618", "rank": 1332, "retweet_count": 1, "id": "253664811416707073"}, {"retweet_history": [{"followers_count": 658, "retweet_time": "20121004011646", "id": "18309856", "profile_image_url": "http://a0.twimg.com/profile_images/2710924591/635fb44da0826d148120541fd9da72fd_normal.jpeg", "screen_name": "azablocki"}], "creator": {"creator_img": "http://a0.twimg.com/profile_images/2710924591/635fb44da0826d148120541fd9da72fd_normal.jpeg", "id": "18309856", "creator": "azablocki"}, "text": "#debate2012", "created_at": "20121004011646", "rank": 0, "retweet_count": 0, "id": "253664927464701952"}, {"retweet_history": [{"followers_count": 292, "retweet_time": "20121004011703", "id": "191456854", "profile_image_url": "http://a0.twimg.com/profile_images/2718555886/ba351f59b6677052d9e52e6e3d5db879_normal.jpeg", "screen_name": "iamFANCy7"}], "creator": {"creator_img": "http://a0.twimg.com/profile_images/2718555886/ba351f59b6677052d9e52e6e3d5db879_normal.jpeg", "id": "191456854", "creator": "iamFANCy7"}, "text": "#debate2012", "created_at": "20121004011703", "rank": 0, "retweet_count": 0, "id": "253665001708060672"}, {"retweet_history": [{"followers_count": 567, "retweet_time": "20121004011746", "id": "38043520", "profile_image_url": "http://a0.twimg.com/profile_images/2751803869/5810cfa2613e07a92191f92598cc061e_normal.jpeg", "screen_name": "CeCeMist"}], "creator": {"creator_img": "http://a0.twimg.com/profile_images/2751803869/5810cfa2613e07a92191f92598cc061e_normal.jpeg", "id": "38043520", "creator": "CeCeMist"}, "text": "That is YOU!!!!!! #Debate2012", "created_at": "20121004011746", "rank": 0, "retweet_count": 0, "id": "253665178544140288"}, {"retweet_history": [{"followers_count": 536, "retweet_time": "20121004011750", "id": "817396328", "profile_image_url": "http://a0.twimg.com/profile_images/2599207143/189362359301807846_Sqln049B_c_normal.jpg", "screen_name": "ArmysPrincess"}], "creator": {"creator_img": "http://a0.twimg.com/profile_images/2599207143/189362359301807846_Sqln049B_c_normal.jpg", "id": "817396328", "creator": "ArmysPrincess"}, "text": "\ud83d\ude02\ud83d\ude02\ud83d\ude02 #Debate2012", "created_at": "20121004011750", "rank": 0, "retweet_count": 0, "id": "253665195136794624"}], "start": "20121004011350", "end": "20121004011750", "name": "Debate2012"}], "end": "20121004011350", "users": [{"followers_count": 445, "id": "96879527", "behavior": [1], "screen_name": "KenadyRose"}, {"followers_count": 3423, "id": "273192169", "behavior": [1], "screen_name": "MPM_Chris"}, {"followers_count": 422, "id": "395130534", "behavior": [1], "screen_name": "josedupuy14"}, {"followers_count": 379, "id": "41738796", "behavior": [1], "screen_name": "unBRokEn_faith"}, {"followers_count": 1332, "id": "237059095", "behavior": [1], "screen_name": "1StylishStylist"}, {"followers_count": 370, "id": "149771670", "behavior": [1], "screen_name": "mzhoov"}, {"followers_count": 658, "id": "18309856", "behavior": [1], "screen_name": "azablocki"}, {"followers_count": 536, "id": "817396328", "behavior": [1], "screen_name": "ArmysPrincess"}, {"followers_count": 292, "id": "191456854", "behavior": [1], "screen_name": "iamFANCy7"}, {"followers_count": 567, "id": "38043520", "behavior": [1], "screen_name": "CeCeMist"}]}