{"start": "20121004010410", "threads": [{"content": [{"retweet_history": [{"followers_count": 256, "retweet_time": "20121004010410", "id": "339467938", "profile_image_url": "http://a0.twimg.com/profile_images/2703650549/d1ec04a58f6aeaf10fd84dc8a1aaf3de_normal.jpeg", "screen_name": "St8barbie"}], "creator": {"creator_img": "http://a0.twimg.com/profile_images/2682461119/402fe0bf489db03e3186310fc5ac8dff_normal.jpeg", "id": "324696434", "creator": "_PopiChulo"}, "text": "Ughhh I miss my shows, hardcore pawn, south beach tow, lizard lick, operation repo...#MGC cable suck ass bruh...", "created_at": "20121004010045", "rank": 546, "time": ["20121004010045", "", "", "", "", "", "", "", "", "", "", "", "", ""], "retweet_count": 1, "id": "253660897053122560"}, {"retweet_history": [{"followers_count": 102, "retweet_time": "20121004015611", "id": "262339645", "profile_image_url": "http://a0.twimg.com/profile_images/1326578749/prof_pic_normal.jpg", "screen_name": "devonwh"}, {"followers_count": 251, "retweet_time": "20121004015820", "id": "185015811", "profile_image_url": "http://a0.twimg.com/profile_images/1155856373/image_normal.jpg", "screen_name": "raginles"}], "creator": {"creator_img": "http://a0.twimg.com/profile_images/1326578749/prof_pic_normal.jpg", "id": "262339645", "creator": "devonwh"}, "text": "when romney says marketplace, does that include MGC?", "created_at": "20121004015611", "rank": 251, "time": ["20121004015611", "", "", "", "", "", "", "", "", "", "", "", "", ""], "retweet_count": 1, "id": "253674847975112704"}, {"retweet_history": [{"followers_count": 202, "retweet_time": "20121004024201", "id": "316250996", "profile_image_url": "http://a0.twimg.com/profile_images/2653646986/915b244d1c247c69e13f5ebdae946fa7_normal.jpeg", "screen_name": "Zay__25"}], "creator": {"creator_img": "http://a0.twimg.com/profile_images/2653646986/915b244d1c247c69e13f5ebdae946fa7_normal.jpeg", "id": "316250996", "creator": "Zay__25"}, "text": "#MGC http://t.co/ZlGS3Tbm", "created_at": "20121004024201", "rank": 0, "time": ["20121004024201", "", "", "", "", "", "", "", "", "", "", "", "", ""], "retweet_count": 0, "id": "253686382797660160"}, {"retweet_history": [{"followers_count": 2522, "retweet_time": "20121004043429", "id": "64048489", "profile_image_url": "http://a0.twimg.com/profile_images/2812385092/2d3d10d8b542c23f5748e1b727be7338_normal.jpeg", "screen_name": "AnnaLeeRoze"}], "creator": {"creator_img": "http://a0.twimg.com/profile_images/2135613372/DMVFLOW-BLKBackground_normal.png", "id": "287554796", "creator": "DMVFLOW"}, "text": "2nite @ Ultrabar (911 F St NW) #MGC @AnnaLeeRoze &amp; @bluskys_ Host Live! RSVP 4 FREE Entry or Tables @ 2403469582!", "created_at": "20121004040108", "rank": 2522, "time": ["20121004040108", "", "", "", "", "", "", "", "", "", "", "", "", ""], "retweet_count": 1, "id": "253706293712404480"}, {"retweet_history": [{"followers_count": 2522, "retweet_time": "20121004043417", "id": "64048489", "profile_image_url": "http://a0.twimg.com/profile_images/2812385092/2d3d10d8b542c23f5748e1b727be7338_normal.jpeg", "screen_name": "AnnaLeeRoze"}], "creator": {"creator_img": "http://a0.twimg.com/profile_images/2572219100/ylk2ad4golwk9go7uabo_normal.jpeg", "id": "37991839", "creator": "Briscoe3Stacks"}, "text": "2nite @ Ultrabar (911 F St NW) #MGC @AnnaLeeRoze &amp; @bluskys_ Host Live! RSVP 4 FREE Entry or Tables @ 2403469582!", "created_at": "20121004040108", "rank": 5910, "time": ["20121004040108", "", "", "", "", "", "", "", "", "", "", "", "", ""], "retweet_count": 1, "id": "253706294014382081"}, {"retweet_history": [{"followers_count": 2004, "retweet_time": "20121004043637", "id": "312873521", "profile_image_url": "http://a0.twimg.com/profile_images/2785352278/fff3014142b8049eee0bead1afc36890_normal.jpeg", "screen_name": "DatCityBoi"}], "creator": {"creator_img": "http://a0.twimg.com/profile_images/2728364198/41d70cfb740ae2f606def999ddfa72f6_normal.jpeg", "id": "194396445", "creator": "FrankieBLykFuh"}, "text": "#FVSU #MGC IT'S A SLUMBER PARTY!! TOMORROW WE AT THE SWAMP BITCH! http://t.co/QN9DVBdT", "created_at": "20121004042201", "rank": 6012, "time": ["20121004042201", "", "", "", "", "", "", "", "", "", "", "", "", ""], "retweet_count": 3, "id": "253711546432241664"}], "start": "20121004010410", "end": "20121004042201", "name": "MGC"}, {"content": [{"retweet_history": [{"followers_count": 318, "retweet_time": "20121004015802", "id": "277788283", "profile_image_url": "http://a0.twimg.com/profile_images/2808120122/49500f72641c311bb4ba3a9a978f4bfd_normal.jpeg", "screen_name": "ashleybrey_"}], "creator": {"creator_img": "http://a0.twimg.com/profile_images/2808120122/49500f72641c311bb4ba3a9a978f4bfd_normal.jpeg", "id": "277788283", "creator": "ashleybrey_"}, "text": "#nbcpolitics", "created_at": "20121004015802", "rank": 0, "time": ["", "20121004015802", "", "", "", "", "", "", "", "", "", "", "", ""], "retweet_count": 0, "id": "253675314289455106"}, {"retweet_history": [{"followers_count": 9, "retweet_time": "20121004015809", "id": "317399777", "profile_image_url": "http://a0.twimg.com/profile_images/2439969319/IMG-20120727-00499_normal.jpg", "screen_name": "nadeemuw"}], "creator": {"creator_img": "http://a0.twimg.com/profile_images/2439969319/IMG-20120727-00499_normal.jpg", "id": "317399777", "creator": "nadeemuw"}, "text": "#nbcpolitics", "created_at": "20121004015809", "rank": 0, "time": ["", "20121004015809", "", "", "", "", "", "", "", "", "", "", "", ""], "retweet_count": 0, "id": "253675344408756224"}, {"retweet_history": [{"followers_count": 75, "retweet_time": "20121004020537", "id": "555335778", "profile_image_url": "http://a0.twimg.com/profile_images/2847277931/697aaa7c06eba9aa17057499b00018cf_normal.png", "screen_name": "LaChinitaLyn"}], "creator": {"creator_img": "http://a0.twimg.com/profile_images/2847277931/697aaa7c06eba9aa17057499b00018cf_normal.png", "id": "555335778", "creator": "LaChinitaLyn"}, "text": "#nbcpolitics", "created_at": "20121004020537", "rank": 0, "time": ["", "20121004020537", "", "", "", "", "", "", "", "", "", "", "", ""], "retweet_count": 0, "id": "253677220692889601"}, {"retweet_history": [{"followers_count": 209, "retweet_time": "20121004020755", "id": "295246616", "profile_image_url": "http://a0.twimg.com/profile_images/2748421060/504d39284e1119b2e3b1c1565b1a4e3d_normal.jpeg", "screen_name": "Just_Asian"}], "creator": {"creator_img": "http://a0.twimg.com/profile_images/2748421060/504d39284e1119b2e3b1c1565b1a4e3d_normal.jpeg", "id": "295246616", "creator": "Just_Asian"}, "text": "#NbcPolitics", "created_at": "20121004020755", "rank": 0, "time": ["", "20121004020755", "", "", "", "", "", "", "", "", "", "", "", ""], "retweet_count": 0, "id": "253677802170245121"}, {"retweet_history": [{"followers_count": 0, "retweet_time": "20121004021654", "id": "836136384", "profile_image_url": "http://a0.twimg.com/profile_images/2798404388/298f76bfe292fc19a04bf3d51243eefc_normal.png", "screen_name": "rob_gal1"}], "creator": {"creator_img": "http://a0.twimg.com/profile_images/2798404388/298f76bfe292fc19a04bf3d51243eefc_normal.png", "id": "836136384", "creator": "rob_gal1"}, "text": "#nbcpolitics", "created_at": "20121004021654", "rank": 0, "time": ["", "20121004021654", "", "", "", "", "", "", "", "", "", "", "", ""], "retweet_count": 0, "id": "253680059615936513"}, {"retweet_history": [{"followers_count": 438, "retweet_time": "20121004023453", "id": "65314956", "profile_image_url": "http://a0.twimg.com/profile_images/2792046199/6d3db34f92a8e447553502c31004d235_normal.jpeg", "screen_name": "KateHolley"}], "creator": {"creator_img": "http://a0.twimg.com/profile_images/2792046199/6d3db34f92a8e447553502c31004d235_normal.jpeg", "id": "65314956", "creator": "KateHolley"}, "text": "#nbcpolitics \ud83d\ude0b\ud83d\ude0b\ud83d\ude0b", "created_at": "20121004023453", "rank": 0, "time": ["", "20121004023453", "", "", "", "", "", "", "", "", "", "", "", ""], "retweet_count": 0, "id": "253684586540826625"}, {"retweet_history": [{"followers_count": 15934, "retweet_time": "20121004023828", "id": "195153921", "profile_image_url": "http://a0.twimg.com/profile_images/2653109984/aea703bbdc8423314da114e82fdf7ef0_normal.jpeg", "screen_name": "untitledjordan"}], "creator": {"creator_img": "http://a0.twimg.com/profile_images/2653109984/aea703bbdc8423314da114e82fdf7ef0_normal.jpeg", "id": "195153921", "creator": "untitledjordan"}, "text": "#NBCPolitics \u263a", "created_at": "20121004023828", "rank": 0, "time": ["", "20121004023828", "", "", "", "", "", "", "", "", "", "", "", ""], "retweet_count": 0, "id": "253685490358820865"}, {"retweet_history": [{"followers_count": 1046, "retweet_time": "20121004023957", "id": "136295215", "profile_image_url": "http://a0.twimg.com/profile_images/1101902681/Patriot_Icon_2_normal.jpg", "screen_name": "Pats4Liberty"}], "creator": {"creator_img": "http://a0.twimg.com/profile_images/1101902681/Patriot_Icon_2_normal.jpg", "id": "136295215", "creator": "Pats4Liberty"}, "text": "#NBCPOLITICS", "created_at": "20121004023957", "rank": 0, "time": ["", "20121004023957", "", "", "", "", "", "", "", "", "", "", "", ""], "retweet_count": 0, "id": "253685862506827777"}, {"retweet_history": [{"followers_count": 985, "retweet_time": "20121004024006", "id": "67204549", "profile_image_url": "http://a0.twimg.com/profile_images/2660504778/020f93f03ca644c4fbe2948b944a5454_normal.jpeg", "screen_name": "sailortabby"}], "creator": {"creator_img": "http://a0.twimg.com/profile_images/2660504778/020f93f03ca644c4fbe2948b944a5454_normal.jpeg", "id": "67204549", "creator": "sailortabby"}, "text": "#nbcpolitics", "created_at": "20121004024006", "rank": 0, "time": ["", "20121004024006", "", "", "", "", "", "", "", "", "", "", "", ""], "retweet_count": 0, "id": "253685899089555456"}, {"retweet_history": [{"followers_count": 8, "retweet_time": "20121004025716", "id": "382983915", "profile_image_url": "http://a0.twimg.com/sticky/default_profile_images/default_profile_6_normal.png", "screen_name": "Jamesfarley125"}], "creator": {"creator_img": "http://a0.twimg.com/sticky/default_profile_images/default_profile_6_normal.png", "id": "382983915", "creator": "Jamesfarley125"}, "text": "#nbcpolitics", "created_at": "20121004025716", "rank": 0, "time": ["", "20121004025716", "", "", "", "", "", "", "", "", "", "", "", ""], "retweet_count": 0, "id": "253690220938162176"}], "start": "20121004013649", "end": "20121004025716", "name": "nbcpolitics"}, {"content": [{"retweet_history": [{"followers_count": 256, "retweet_time": "20121004010457", "id": "339467938", "profile_image_url": "http://a0.twimg.com/profile_images/2703650549/d1ec04a58f6aeaf10fd84dc8a1aaf3de_normal.jpeg", "screen_name": "St8barbie"}], "creator": {"creator_img": "http://a0.twimg.com/profile_images/2604116133/msv5pb63z2h8ic2husfo_normal.jpeg", "id": "175557503", "creator": "MarcoPoloMTG"}, "text": "#TeamDreadHead !!!!!! AYYYEEEE!!!!!!!!!", "created_at": "20121004010126", "rank": 26418, "time": ["", "", "20121004010126", "", "", "", "", "", "", "", "", "", "", ""], "retweet_count": 3, "id": "253661068000370688"}, {"retweet_history": [{"followers_count": 256, "retweet_time": "20121004010455", "id": "339467938", "profile_image_url": "http://a0.twimg.com/profile_images/2703650549/d1ec04a58f6aeaf10fd84dc8a1aaf3de_normal.jpeg", "screen_name": "St8barbie"}], "creator": {"creator_img": "http://a0.twimg.com/profile_images/2703650549/d1ec04a58f6aeaf10fd84dc8a1aaf3de_normal.jpeg", "id": "339467938", "creator": "St8barbie"}, "text": "\u201c #TeamDreadHead !!!!!! AYYYEEEE!!!!!!!!!\u201d", "created_at": "20121004010455", "rank": 0, "time": ["", "", "20121004010455", "", "", "", "", "", "", "", "", "", "", ""], "retweet_count": 0, "id": "253661947952766977"}, {"retweet_history": [{"followers_count": 1808, "retweet_time": "20121004012710", "id": "213106441", "profile_image_url": "http://a0.twimg.com/profile_images/2814447497/fa877d6193539c0d19b40d2ee94d79b2_normal.jpeg", "screen_name": "JusCallMeMarley"}], "creator": {"creator_img": "http://a0.twimg.com/profile_images/2814447497/fa877d6193539c0d19b40d2ee94d79b2_normal.jpeg", "id": "213106441", "creator": "JusCallMeMarley"}, "text": "#TeamDreadHead", "created_at": "20121004012710", "rank": 0, "time": ["", "", "20121004012710", "", "", "", "", "", "", "", "", "", "", ""], "retweet_count": 0, "id": "253667546853675009"}, {"retweet_history": [{"followers_count": 232, "retweet_time": "20121004022910", "id": "739093261", "profile_image_url": "http://a0.twimg.com/profile_images/2634473147/c4357285ea0d83ac84d0c03cb267d302_normal.jpeg", "screen_name": "g_hale8"}], "creator": {"creator_img": "http://a0.twimg.com/profile_images/2761316010/07bd7674732fab743d52a65db9d041f6_normal.jpeg", "id": "302388756", "creator": "ConnorPage1"}, "text": "RT if you low key would vote Jackson for president #Iowasenator #leadership #manofthepeople #TeamDreadHead", "created_at": "20121004013839", "rank": 1140, "time": ["", "", "20121004013839", "", "", "", "", "", "", "", "", "", "", ""], "retweet_count": 3, "id": "253670434879459328"}, {"retweet_history": [{"followers_count": 603, "retweet_time": "20121004024127", "id": "389858863", "profile_image_url": "http://a0.twimg.com/profile_images/2765200068/3866923f4b14b978553fc880d99b6853_normal.jpeg", "screen_name": "SwaggDad_Howard"}], "creator": {"creator_img": "http://a0.twimg.com/profile_images/2490832492/sd358qwhc0qlvx5cyln9_normal.jpeg", "id": "70061935", "creator": "PbTheSkyWalker"}, "text": "#TeamPB #TeamDreadHead who fwm.???", "created_at": "20121004023740", "rank": 605, "time": ["", "", "20121004023740", "", "", "", "", "", "", "", "", "", "", ""], "retweet_count": 1, "id": "253685287920734209"}], "start": "20121004010455", "end": "20121004023740", "name": "TeamDreadHead"}, {"content": [{"retweet_history": [{"followers_count": 241, "retweet_time": "20121004012112", "id": "48191079", "profile_image_url": "http://a0.twimg.com/profile_images/2764783111/3b6bdc4852ba892deadee34c1d304599_normal.jpeg", "screen_name": "aroth22"}], "creator": {"creator_img": "http://a0.twimg.com/profile_images/2764783111/3b6bdc4852ba892deadee34c1d304599_normal.jpeg", "id": "48191079", "creator": "aroth22"}, "text": "@Spink_22 wowwwwww. #notcool", "created_at": "20121004012112", "rank": 0, "time": ["", "", "", "20121004012112", "", "", "", "", "", "", "", "", "", ""], "retweet_count": 0, "id": "253666044663717888"}, {"retweet_history": [{"followers_count": 222, "retweet_time": "20121004012537", "id": "248481262", "profile_image_url": "http://a0.twimg.com/profile_images/2678352156/67fec69e85db3275ee9bf112135be4df_normal.jpeg", "screen_name": "Rezzy_Z"}], "creator": {"creator_img": "http://a0.twimg.com/profile_images/2678352156/67fec69e85db3275ee9bf112135be4df_normal.jpeg", "id": "248481262", "creator": "Rezzy_Z"}, "text": "Romney keeps cutting Jim off #notcool", "created_at": "20121004012537", "rank": 1110, "time": ["", "", "", "20121004012537", "", "", "", "", "", "", "", "", "", ""], "retweet_count": 5, "id": "253667157219627009"}, {"retweet_history": [{"followers_count": 33, "retweet_time": "20121004013017", "id": "434987298", "profile_image_url": "http://a0.twimg.com/profile_images/2685318838/7a61e491ea6b5a5389550f514ff247a7_normal.jpeg", "screen_name": "Pistol_peted24"}], "creator": {"creator_img": "http://a0.twimg.com/profile_images/2685318838/7a61e491ea6b5a5389550f514ff247a7_normal.jpeg", "id": "434987298", "creator": "Pistol_peted24"}, "text": "Mitt hates Big Bird #NotCool", "created_at": "20121004013017", "rank": 0, "time": ["", "", "", "20121004013017", "", "", "", "", "", "", "", "", "", ""], "retweet_count": 0, "id": "253668331003990016"}, {"retweet_history": [{"followers_count": 222, "retweet_time": "20121004013700", "id": "54680814", "profile_image_url": "http://a0.twimg.com/profile_images/862696781/stewartBW010_normal.jpg", "screen_name": "MoBtheMogul"}], "creator": {"creator_img": "http://a0.twimg.com/profile_images/862696781/stewartBW010_normal.jpg", "id": "54680814", "creator": "MoBtheMogul"}, "text": "Romney, you can't get rid of PBS homie. #notcool", "created_at": "20121004013700", "rank": 0, "time": ["", "", "", "20121004013700", "", "", "", "", "", "", "", "", "", ""], "retweet_count": 0, "id": "253670019748212736"}, {"retweet_history": [{"followers_count": 180, "retweet_time": "20121004014151", "id": "20774041", "profile_image_url": "http://a0.twimg.com/profile_images/2837255814/eddba3913bb0591934baba5bea0a447f_normal.jpeg", "screen_name": "jamilaab"}], "creator": {"creator_img": "http://a0.twimg.com/profile_images/2837255814/eddba3913bb0591934baba5bea0a447f_normal.jpeg", "id": "20774041", "creator": "jamilaab"}, "text": "@SyieWyie Typical of them, very smart.  #notcool", "created_at": "20121004014151", "rank": 0, "time": ["", "", "", "20121004014151", "", "", "", "", "", "", "", "", "", ""], "retweet_count": 0, "id": "253671241641238528"}, {"retweet_history": [{"followers_count": 224, "retweet_time": "20121004014555", "id": "485235447", "profile_image_url": "http://a0.twimg.com/profile_images/2481887918/image_normal.jpg", "screen_name": "CeCe_LovesYou"}], "creator": {"creator_img": "http://a0.twimg.com/profile_images/2481887918/image_normal.jpg", "id": "485235447", "creator": "CeCe_LovesYou"}, "text": "Yooo he just tried Obama ! #NotCool!!", "created_at": "20121004014555", "rank": 0, "time": ["", "", "", "20121004014555", "", "", "", "", "", "", "", "", "", ""], "retweet_count": 0, "id": "253672265714118656"}, {"retweet_history": [{"followers_count": 354, "retweet_time": "20121004015055", "id": "538741770", "profile_image_url": "http://a0.twimg.com/profile_images/2800000657/9c44918a5f37ddd0aca306caf12a5c45_normal.jpeg", "screen_name": "TheBestBlasian"}], "creator": {"creator_img": "http://a0.twimg.com/profile_images/2800000657/9c44918a5f37ddd0aca306caf12a5c45_normal.jpeg", "id": "538741770", "creator": "TheBestBlasian"}, "text": "Don't interrupt the mediator Romney! #notcool", "created_at": "20121004015055", "rank": 354, "time": ["", "", "", "20121004015055", "", "", "", "", "", "", "", "", "", ""], "retweet_count": 1, "id": "253673522973507586"}, {"retweet_history": [{"followers_count": 1200, "retweet_time": "20121004021618", "id": "271790289", "profile_image_url": "http://a0.twimg.com/profile_images/2581740877/image_normal.jpg", "screen_name": "dglasscock"}], "creator": {"creator_img": "http://a0.twimg.com/profile_images/2581740877/image_normal.jpg", "id": "271790289", "creator": "dglasscock"}, "text": "When your Twitter freezes #notcool", "created_at": "20121004021618", "rank": 1200, "time": ["", "", "", "20121004021618", "", "", "", "", "", "", "", "", "", ""], "retweet_count": 1, "id": "253679910411960320"}, {"retweet_history": [{"followers_count": 115, "retweet_time": "20121004050110", "id": "149353330", "profile_image_url": "http://a0.twimg.com/profile_images/2735597784/f496ff854b2f7634f9bd51ce0e7556b5_normal.jpeg", "screen_name": "ThatPreppyKid"}], "creator": {"creator_img": "http://a0.twimg.com/profile_images/2735597784/f496ff854b2f7634f9bd51ce0e7556b5_normal.jpeg", "id": "149353330", "creator": "ThatPreppyKid"}, "text": "Shivers when I saw that name in my calender. #notcool.", "created_at": "20121004050110", "rank": 0, "time": ["", "", "", "20121004050110", "", "", "", "", "", "", "", "", "", ""], "retweet_count": 0, "id": "253721401876426752"}, {"retweet_history": [{"followers_count": 1874, "retweet_time": "20121004055201", "id": "127717055", "profile_image_url": "http://a0.twimg.com/profile_images/2778936098/6f27279733aea242136d169795d31a6c_normal.jpeg", "screen_name": "toobadSHEBAD"}], "creator": {"creator_img": "http://a0.twimg.com/profile_images/2778936098/6f27279733aea242136d169795d31a6c_normal.jpeg", "id": "127717055", "creator": "toobadSHEBAD"}, "text": "#NotCool", "created_at": "20121004055201", "rank": 0, "time": ["", "", "", "20121004055201", "", "", "", "", "", "", "", "", "", ""], "retweet_count": 0, "id": "253734197997473792"}], "start": "20121004011758", "end": "20121004055201", "name": "NotCool"}, {"content": [{"retweet_history": [{"followers_count": 245, "retweet_time": "20121004013854", "id": "18070033", "profile_image_url": "http://a0.twimg.com/profile_images/2329791888/LynziMarie_normal.jpg", "screen_name": "LynziMarie"}], "creator": {"creator_img": "http://a0.twimg.com/profile_images/2329791888/LynziMarie_normal.jpg", "id": "18070033", "creator": "LynziMarie"}, "text": "Discussing politics with my boss... Like a boss.", "created_at": "20121004013854", "rank": 0, "time": ["", "", "", "", "20121004013854", "", "", "", "", "", "", "", "", ""], "retweet_count": 0, "id": "253670499685642242"}, {"retweet_history": [{"followers_count": 1046, "retweet_time": "20121004014346", "id": "34144708", "profile_image_url": "http://a0.twimg.com/profile_images/2792392350/23c342a54200e4f523d8235184318526_normal.jpeg", "screen_name": "KB_Beauty"}], "creator": {"creator_img": "http://a0.twimg.com/profile_images/2792392350/23c342a54200e4f523d8235184318526_normal.jpeg", "id": "34144708", "creator": "KB_Beauty"}, "text": "Obama is a Boss... He has a Boss Walk, a Boss Voice, a Boss Mentality, &amp; Boss Expressions \ud83d\udc51\ud83d\ude02", "created_at": "20121004014346", "rank": 2092, "time": ["", "", "", "", "20121004014346", "", "", "", "", "", "", "", "", ""], "retweet_count": 2, "id": "253671723512246273"}, {"retweet_history": [{"followers_count": 7015, "retweet_time": "20121004015026", "id": "14356660", "profile_image_url": "http://a0.twimg.com/profile_images/2479704580/rkvg40xp8qf77r56ahxt_normal.jpeg", "screen_name": "wogsland"}], "creator": {"creator_img": "http://a0.twimg.com/profile_images/2479704580/rkvg40xp8qf77r56ahxt_normal.jpeg", "id": "14356660", "creator": "wogsland"}, "text": "@Jwine05 Not just A boss. THE boss.", "created_at": "20121004015026", "rank": 0, "time": ["", "", "", "", "20121004015026", "", "", "", "", "", "", "", "", ""], "retweet_count": 0, "id": "253673402131435520"}, {"retweet_history": [{"followers_count": 157, "retweet_time": "20121004020042", "id": "766743350", "profile_image_url": "http://a0.twimg.com/profile_images/2519552294/image_normal.jpg", "screen_name": "Just_Kadari"}], "creator": {"creator_img": "http://a0.twimg.com/profile_images/2519552294/image_normal.jpg", "id": "766743350", "creator": "Just_Kadari"}, "text": "BOSS", "created_at": "20121004020042", "rank": 0, "time": ["", "", "", "", "20121004020042", "", "", "", "", "", "", "", "", ""], "retweet_count": 0, "id": "253675984660877312"}, {"retweet_history": [{"followers_count": 112, "retweet_time": "20121004020048", "id": "47944849", "profile_image_url": "http://a0.twimg.com/profile_images/2698471977/aae871ed59f036bf0a849f387a7a2349_normal.jpeg", "screen_name": "buckjr_22"}], "creator": {"creator_img": "http://a0.twimg.com/profile_images/2698471977/aae871ed59f036bf0a849f387a7a2349_normal.jpeg", "id": "47944849", "creator": "buckjr_22"}, "text": "\"The Boss is struggling,\" &amp; \"The new Boss is game!\"", "created_at": "20121004020048", "rank": 0, "time": ["", "", "", "", "20121004020048", "", "", "", "", "", "", "", "", ""], "retweet_count": 0, "id": "253676011529576448"}, {"retweet_history": [{"followers_count": 248, "retweet_time": "20121004020049", "id": "381859781", "profile_image_url": "http://a0.twimg.com/profile_images/2610622056/fmrwn3vq2ovs2liw1g7r_normal.jpeg", "screen_name": "airborneforbes"}], "creator": {"creator_img": "http://a0.twimg.com/profile_images/2610622056/fmrwn3vq2ovs2liw1g7r_normal.jpeg", "id": "381859781", "creator": "airborneforbes"}, "text": "Boss!!!!!", "created_at": "20121004020049", "rank": 0, "time": ["", "", "", "", "20121004020049", "", "", "", "", "", "", "", "", ""], "retweet_count": 0, "id": "253676012351664130"}, {"retweet_history": [{"followers_count": 126, "retweet_time": "20121004020053", "id": "75097193", "profile_image_url": "http://a0.twimg.com/profile_images/2784424159/1cc3ee8b02e46ee4d5fd4a19acfd46b5_normal.jpeg", "screen_name": "thecozylounge"}], "creator": {"creator_img": "http://a0.twimg.com/profile_images/2784424159/1cc3ee8b02e46ee4d5fd4a19acfd46b5_normal.jpeg", "id": "75097193", "creator": "thecozylounge"}, "text": "#BOSS", "created_at": "20121004020053", "rank": 0, "time": ["", "", "", "", "20121004020053", "", "", "", "", "", "", "", "", ""], "retweet_count": 0, "id": "253676029829345280"}, {"retweet_history": [{"followers_count": 1214, "retweet_time": "20121004021542", "id": "323053660", "profile_image_url": "http://a0.twimg.com/profile_images/2735369392/4732d98e077aa3f2d4917f890ffa6044_normal.png", "screen_name": "_murderTAYwrote"}], "creator": {"creator_img": "http://a0.twimg.com/profile_images/2735369392/4732d98e077aa3f2d4917f890ffa6044_normal.png", "id": "323053660", "creator": "_murderTAYwrote"}, "text": "ima boss, gotta have a boss man !", "created_at": "20121004021542", "rank": 1214, "time": ["", "", "", "", "20121004021542", "", "", "", "", "", "", "", "", ""], "retweet_count": 1, "id": "253679759819698177"}, {"retweet_history": [{"followers_count": 340, "retweet_time": "20121004024813", "id": "304564716", "profile_image_url": "http://a0.twimg.com/profile_images/2719591577/d4f6e12b43941fbe44c8e63c396f93aa_normal.jpeg", "screen_name": "codiereidhewitt"}], "creator": {"creator_img": "http://a0.twimg.com/profile_images/2719591577/d4f6e12b43941fbe44c8e63c396f93aa_normal.jpeg", "id": "304564716", "creator": "codiereidhewitt"}, "text": "You the boss, you the boss ayeeee", "created_at": "20121004024813", "rank": 0, "time": ["", "", "", "", "20121004024813", "", "", "", "", "", "", "", "", ""], "retweet_count": 0, "id": "253687943657578497"}, {"retweet_history": [{"followers_count": 139, "retweet_time": "20121004045928", "id": "528757243", "profile_image_url": "http://a0.twimg.com/profile_images/2516794250/image_normal.jpg", "screen_name": "AnnaBenHur"}], "creator": {"creator_img": "http://a0.twimg.com/profile_images/2516794250/image_normal.jpg", "id": "528757243", "creator": "AnnaBenHur"}, "text": "you can be the boss daddy you can be the boss", "created_at": "20121004045928", "rank": 0, "time": ["", "", "", "", "20121004045928", "", "", "", "", "", "", "", "", ""], "retweet_count": 0, "id": "253720974875320321"}], "start": "20121004013529", "end": "20121004045928", "name": "BOSS"}, {"content": [{"retweet_history": [{"followers_count": 306, "retweet_time": "20121004013320", "id": "246019336", "profile_image_url": "http://a0.twimg.com/profile_images/2711117145/1381834f93c82642c71c2ff77618cfd7_normal.jpeg", "screen_name": "MarieJuicyy"}], "creator": {"creator_img": "http://a0.twimg.com/profile_images/2711117145/1381834f93c82642c71c2ff77618cfd7_normal.jpeg", "id": "246019336", "creator": "MarieJuicyy"}, "text": "#OBAMA2012 #OBAMA2012 #OBAMA2012 #OBAMA2012 #OBAMA2012 #OBAMA2012 #OBAMA2012 #OBAMA2012 #OBAMA2012 #OBAMA2012 #OBAMA2012 #OBAMA2012 \n(: .", "created_at": "20121004013320", "rank": 0, "time": ["", "", "", "", "", "20121004013320", "", "", "", "", "", "", "", ""], "retweet_count": 0, "id": "253669096556732416"}, {"retweet_history": [{"followers_count": 360, "retweet_time": "20121004014600", "id": "264528278", "profile_image_url": "http://a0.twimg.com/profile_images/2574104923/f9mywbk1xqlv3plhrusp_normal.jpeg", "screen_name": "petedaniels123"}], "creator": {"creator_img": "http://a0.twimg.com/profile_images/2574104923/f9mywbk1xqlv3plhrusp_normal.jpeg", "id": "264528278", "creator": "petedaniels123"}, "text": "#OBAMA2012 #OBAMA2012 #OBAMA2012 #OBAMA2012 #OBAMA2012 #OBAMA2012 #OBAMA2012 #OBAMA2012 #OBAMA2012 #OBAMA2012 #OBAMA2012 #OBAMA2012 \ud83c\uddfa\ud83c\uddf8\ud83c\uddfa\ud83c\uddf8\ud83c\uddfa\ud83c\uddf8\ud83c\uddfa\ud83c\uddf8", "created_at": "20121004014600", "rank": 720, "time": ["", "", "", "", "", "20121004014600", "", "", "", "", "", "", "", ""], "retweet_count": 2, "id": "253672286303944704"}, {"retweet_history": [{"followers_count": 245, "retweet_time": "20121004015755", "id": "302903787", "profile_image_url": "http://a0.twimg.com/profile_images/2729489422/02f0a18975fa5ecdac69a830c90338bd_normal.jpeg", "screen_name": "kasie19RU"}], "creator": {"creator_img": "http://a0.twimg.com/profile_images/2729489422/02f0a18975fa5ecdac69a830c90338bd_normal.jpeg", "id": "302903787", "creator": "kasie19RU"}, "text": "#obama2012 #obama2012 #obama2012 #obama2012 #obama2012 #obama2012 #obama2012 #obama2012 #obama2012 #obama2012 #obama2012 #obama2012", "created_at": "20121004015755", "rank": 735, "time": ["", "", "", "", "", "20121004015755", "", "", "", "", "", "", "", ""], "retweet_count": 3, "id": "253675284778336256"}, {"retweet_history": [{"followers_count": 1027, "retweet_time": "20121004023042", "id": "35593427", "profile_image_url": "http://a0.twimg.com/profile_images/2787988329/71cd51432f21b48004a5549fca0679d9_normal.jpeg", "screen_name": "iNlUVWiTME_8907"}], "creator": {"creator_img": "http://a0.twimg.com/profile_images/2787988329/71cd51432f21b48004a5549fca0679d9_normal.jpeg", "id": "35593427", "creator": "iNlUVWiTME_8907"}, "text": "\ud83d\ude4f #Obama2012 #Obama2012 #Obama2012 #Obama2012 #Obama2012 #Obama2012 #Obama2012 #Obama2012 #Obama2012 #Obama2012 #Obama2012 #Obama2012 \ud83d\ude4f", "created_at": "20121004023042", "rank": 0, "time": ["", "", "", "", "", "20121004023042", "", "", "", "", "", "", "", ""], "retweet_count": 0, "id": "253683536190636032"}, {"retweet_history": [{"followers_count": 5688, "retweet_time": "20121004023335", "id": "30751696", "profile_image_url": "http://a0.twimg.com/profile_images/2688234252/066cb5f59db02849422b75391f0a2ec6_normal.jpeg", "screen_name": "KingBishopPro"}], "creator": {"creator_img": "http://a0.twimg.com/profile_images/2688234252/066cb5f59db02849422b75391f0a2ec6_normal.jpeg", "id": "30751696", "creator": "KingBishopPro"}, "text": "#Obama2012 #Obama2012 #Obama2012 #Obama2012 #Obama2012 #Obama2012 #Obama2012 #Obama2012 #Obama2012 #Obama2012 #Obama2012 #Obama2012", "created_at": "20121004023335", "rank": 170640, "time": ["", "", "", "", "", "20121004023335", "", "", "", "", "", "", "", ""], "retweet_count": 30, "id": "253684258860830720"}, {"retweet_history": [{"followers_count": 565083, "retweet_time": "20121004024207", "id": "26196055", "profile_image_url": "http://a0.twimg.com/profile_images/2763738758/52660544feff1ab5d29c5a260410d84e_normal.jpeg", "screen_name": "MilanChrisGordy"}], "creator": {"creator_img": "http://a0.twimg.com/profile_images/2763738758/52660544feff1ab5d29c5a260410d84e_normal.jpeg", "id": "26196055", "creator": "MilanChrisGordy"}, "text": "#OBAMA2012 #OBAMA2012 #OBAMA2012  #OBAMA2012 #OBAMA2012 #OBAMA2012   #OBAMA2012 #OBAMA2012 #OBAMA2012  #OBAMA2012 #OBAMA2012 #OBAMA2012", "created_at": "20121004024207", "rank": 9041328, "time": ["", "", "", "", "", "20121004024207", "", "", "", "", "", "", "", ""], "retweet_count": 16, "id": "253686405786632192"}, {"retweet_history": [{"followers_count": 4290, "retweet_time": "20121004024442", "id": "224011051", "profile_image_url": "http://a0.twimg.com/profile_images/2382116551/jw6hfqk5smhlppam8u3z_normal.jpeg", "screen_name": "iAmMissMichelle"}], "creator": {"creator_img": "http://a0.twimg.com/profile_images/2382116551/jw6hfqk5smhlppam8u3z_normal.jpeg", "id": "224011051", "creator": "iAmMissMichelle"}, "text": "#OBAMA2012 #OBAMA2012 #OBAMA2012 #OBAMA2012 #OBAMA2012 #OBAMA2012 #OBAMA2012 #OBAMA2012 #OBAMA2012 #OBAMA2012 #OBAMA2012 #OBAMA2012", "created_at": "20121004024442", "rank": 25740, "time": ["", "", "", "", "", "20121004024442", "", "", "", "", "", "", "", ""], "retweet_count": 6, "id": "253687056075743232"}, {"retweet_history": [{"followers_count": 388, "retweet_time": "20121004025537", "id": "167090189", "profile_image_url": "http://a0.twimg.com/profile_images/2785119158/2276d34d073bebf9b3cfab65a19fd238_normal.jpeg", "screen_name": "JessiGorge_"}], "creator": {"creator_img": "http://a0.twimg.com/profile_images/2785119158/2276d34d073bebf9b3cfab65a19fd238_normal.jpeg", "id": "167090189", "creator": "JessiGorge_"}, "text": "#Obama2012 #Obama2012 #Obama2012 #Obama2012 #Obama2012 #Obama2012 #Obama2012 #Obama2012 #Obama2012 #Obama2012 #Obama2012 #Obama2012 !!!!", "created_at": "20121004025537", "rank": 0, "time": ["", "", "", "", "", "20121004025537", "", "", "", "", "", "", "", ""], "retweet_count": 0, "id": "253689803382607872"}, {"retweet_history": [{"followers_count": 388, "retweet_time": "20121004025726", "id": "167090189", "profile_image_url": "http://a0.twimg.com/profile_images/2785119158/2276d34d073bebf9b3cfab65a19fd238_normal.jpeg", "screen_name": "JessiGorge_"}], "creator": {"creator_img": "http://a0.twimg.com/profile_images/2785119158/2276d34d073bebf9b3cfab65a19fd238_normal.jpeg", "id": "167090189", "creator": "JessiGorge_"}, "text": "#Obama2012 #Obama2012 #Obama2012 #Obama2012 #Obama2012 #Obama2012 #Obama2012 #Obama2012 #Obama2012 #Obama2012 #Obama2012 #Obama2012 !!!!!", "created_at": "20121004025726", "rank": 0, "time": ["", "", "", "", "", "20121004025726", "", "", "", "", "", "", "", ""], "retweet_count": 0, "id": "253690263980101632"}, {"retweet_history": [{"followers_count": 388, "retweet_time": "20121004025847", "id": "167090189", "profile_image_url": "http://a0.twimg.com/profile_images/2785119158/2276d34d073bebf9b3cfab65a19fd238_normal.jpeg", "screen_name": "JessiGorge_"}], "creator": {"creator_img": "http://a0.twimg.com/profile_images/2785119158/2276d34d073bebf9b3cfab65a19fd238_normal.jpeg", "id": "167090189", "creator": "JessiGorge_"}, "text": "#Obama2012 #Obama2012 #Obama2012 #Obama2012 #Obama2012 #Obama2012 #Obama2012 #Obama2012 #Obama2012 #Obama2012 #Obama2012 #Obama2012 !!!", "created_at": "20121004025847", "rank": 388, "time": ["", "", "", "", "", "20121004025847", "", "", "", "", "", "", "", ""], "retweet_count": 1, "id": "253690603462864896"}], "start": "20121004012223", "end": "20121004025847", "name": "Obama2012"}, {"content": [{"retweet_history": [{"followers_count": 178, "retweet_time": "20121004010554", "id": "410451963", "profile_image_url": "http://a0.twimg.com/profile_images/2764650529/396e30fe7274a43b10bd3ee8a6b7c553_normal.jpeg", "screen_name": "omgshutupnicole"}], "creator": {"creator_img": "http://a0.twimg.com/profile_images/2764650529/396e30fe7274a43b10bd3ee8a6b7c553_normal.jpeg", "id": "410451963", "creator": "omgshutupnicole"}, "text": "#NationalBoyfriendDay LOL.", "created_at": "20121004010554", "rank": 0, "time": ["", "", "", "", "", "", "20121004010554", "", "", "", "", "", "", ""], "retweet_count": 0, "id": "253662193030164482"}, {"retweet_history": [{"followers_count": 986, "retweet_time": "20121004011200", "id": "188823223", "profile_image_url": "http://a0.twimg.com/profile_images/2696853237/c438355ceaa5c3595aebe4a57b69a44a_normal.jpeg", "screen_name": "Renaaaex3"}], "creator": {"creator_img": "http://a0.twimg.com/profile_images/2696853237/c438355ceaa5c3595aebe4a57b69a44a_normal.jpeg", "id": "188823223", "creator": "Renaaaex3"}, "text": "#NationalBoyfriendDay 00.00.12 \ud83d\udc95\ud83d\ude0d\ud83d\ude1a\ud83d\ude18", "created_at": "20121004011200", "rank": 0, "time": ["", "", "", "", "", "", "20121004011200", "", "", "", "", "", "", ""], "retweet_count": 0, "id": "253663727231057920"}, {"retweet_history": [{"followers_count": 58, "retweet_time": "20121004011235", "id": "811733690", "profile_image_url": "http://a0.twimg.com/profile_images/2590275208/2qsxm2ti7z6d3lsmojjj_normal.jpeg", "screen_name": "malikinglou"}], "creator": {"creator_img": "http://a0.twimg.com/profile_images/2590275208/2qsxm2ti7z6d3lsmojjj_normal.jpeg", "id": "811733690", "creator": "malikinglou"}, "text": "#NationalBoyfriendDay #SinglePringle", "created_at": "20121004011235", "rank": 0, "time": ["", "", "", "", "", "", "20121004011235", "", "", "", "", "", "", ""], "retweet_count": 0, "id": "253663874287534080"}, {"retweet_history": [{"followers_count": 460, "retweet_time": "20121004011425", "id": "314176196", "profile_image_url": "http://a0.twimg.com/profile_images/2782182856/86d122c9c824ad367d3c088854e49881_normal.jpeg", "screen_name": "DesireeClark11"}], "creator": {"creator_img": "http://a0.twimg.com/profile_images/2782182856/86d122c9c824ad367d3c088854e49881_normal.jpeg", "id": "314176196", "creator": "DesireeClark11"}, "text": "Tomorrows #NationalBoyfriendDay  ?", "created_at": "20121004011425", "rank": 0, "time": ["", "", "", "", "", "", "20121004011425", "", "", "", "", "", "", ""], "retweet_count": 0, "id": "253664336856375296"}, {"retweet_history": [{"followers_count": 1206, "retweet_time": "20121004011729", "id": "227859759", "profile_image_url": "http://a0.twimg.com/profile_images/2794153474/00cde68ecb8565429dec11a87ae64758_normal.jpeg", "screen_name": "cmPeeeaceBaby"}], "creator": {"creator_img": "http://a0.twimg.com/profile_images/2794153474/00cde68ecb8565429dec11a87ae64758_normal.jpeg", "id": "227859759", "creator": "cmPeeeaceBaby"}, "text": "Its #NationalBoyfriendDay ?!", "created_at": "20121004011729", "rank": 0, "time": ["", "", "", "", "", "", "20121004011729", "", "", "", "", "", "", ""], "retweet_count": 0, "id": "253665109317128192"}, {"retweet_history": [{"followers_count": 137, "retweet_time": "20121004012325", "id": "15649560", "profile_image_url": "http://a0.twimg.com/profile_images/2400464612/image_normal.jpg", "screen_name": "spike1972"}], "creator": {"creator_img": "http://a0.twimg.com/profile_images/2400464612/image_normal.jpg", "id": "15649560", "creator": "spike1972"}, "text": "#NationalBoyfriendDay?", "created_at": "20121004012325", "rank": 137, "time": ["", "", "", "", "", "", "20121004012325", "", "", "", "", "", "", ""], "retweet_count": 1, "id": "253666602585845760"}, {"retweet_history": [{"followers_count": 87, "retweet_time": "20121004021711", "id": "803084360", "profile_image_url": "http://a0.twimg.com/profile_images/2685333053/cc1b2bb539b7775adf878659504b1eb5_normal.jpeg", "screen_name": "manveer_saggi8"}], "creator": {"creator_img": "http://a0.twimg.com/profile_images/2685333053/cc1b2bb539b7775adf878659504b1eb5_normal.jpeg", "id": "803084360", "creator": "manveer_saggi8"}, "text": "#NationalBoyfriendDay ? #SingleAssFuck ....", "created_at": "20121004021711", "rank": 0, "time": ["", "", "", "", "", "", "20121004021711", "", "", "", "", "", "", ""], "retweet_count": 0, "id": "253680133989351425"}, {"retweet_history": [{"followers_count": 1395, "retweet_time": "20121004022029", "id": "418786817", "profile_image_url": "http://a0.twimg.com/profile_images/2714225093/947fd75069a1c098089b4802ab288825_normal.jpeg", "screen_name": "_TrueCrackkkkk"}], "creator": {"creator_img": "http://a0.twimg.com/profile_images/2714225093/947fd75069a1c098089b4802ab288825_normal.jpeg", "id": "418786817", "creator": "_TrueCrackkkkk"}, "text": "\" #NationalBoyfriendDay \" \ud83d\ude12\ud83d\udd2b", "created_at": "20121004022029", "rank": 0, "time": ["", "", "", "", "", "", "20121004022029", "", "", "", "", "", "", ""], "retweet_count": 0, "id": "253680962624430081"}, {"retweet_history": [{"followers_count": 817, "retweet_time": "20121004024326", "id": "350549774", "profile_image_url": "http://a0.twimg.com/profile_images/2803313695/a51bc70fa226a1c785e42e310d7df71e_normal.jpeg", "screen_name": "BitterParadisee"}], "creator": {"creator_img": "http://a0.twimg.com/profile_images/2803313695/a51bc70fa226a1c785e42e310d7df71e_normal.jpeg", "id": "350549774", "creator": "BitterParadisee"}, "text": "#NationalBoyfriendDay oh.", "created_at": "20121004024326", "rank": 0, "time": ["", "", "", "", "", "", "20121004024326", "", "", "", "", "", "", ""], "retweet_count": 0, "id": "253686738373967873"}, {"retweet_history": [{"followers_count": 212, "retweet_time": "20121004044135", "id": "256830299", "profile_image_url": "http://a0.twimg.com/profile_images/2625643397/image_normal.jpg", "screen_name": "wildthroneberry"}], "creator": {"creator_img": "http://a0.twimg.com/profile_images/2625643397/image_normal.jpg", "id": "256830299", "creator": "wildthroneberry"}, "text": "#NationalBoyfriendDay ..... Single", "created_at": "20121004044135", "rank": 0, "time": ["", "", "", "", "", "", "20121004044135", "", "", "", "", "", "", ""], "retweet_count": 0, "id": "253716473367887872"}], "start": "20121004005258", "end": "20121004044135", "name": "NationalBoyfriendDay"}, {"content": [{"retweet_history": [{"followers_count": 256, "retweet_time": "20121004010919", "id": "339467938", "profile_image_url": "http://a0.twimg.com/profile_images/2703650549/d1ec04a58f6aeaf10fd84dc8a1aaf3de_normal.jpeg", "screen_name": "St8barbie"}], "creator": {"creator_img": "http://a0.twimg.com/profile_images/2703650549/d1ec04a58f6aeaf10fd84dc8a1aaf3de_normal.jpeg", "id": "339467938", "creator": "St8barbie"}, "text": "\u201cThat Moment Wen Bitches Start Subtweetin U&amp;U Wasn't Even Talkin About Them Tehe...#HoeGetOutYoFeelins\u201d", "created_at": "20121004010919", "rank": 1024, "time": ["", "", "", "", "", "", "", "20121004010919", "", "", "", "", "", ""], "retweet_count": 4, "id": "253663053927813120"}], "start": "20121004010919", "end": "20121004010919", "name": "HoeGetOutYoFeelins"}, {"content": [{"retweet_history": [{"followers_count": 140, "retweet_time": "20121004013705", "id": "65114198", "profile_image_url": "http://a0.twimg.com/profile_images/749945377/littleprincess_normal.bmp", "screen_name": "thegoddesscher"}], "creator": {"creator_img": "http://a0.twimg.com/profile_images/749945377/littleprincess_normal.bmp", "id": "65114198", "creator": "thegoddesscher"}, "text": "@dpasquella RETWEET! RETWEET! LOL", "created_at": "20121004013705", "rank": 0, "time": ["", "", "", "", "", "", "", "", "20121004013705", "", "", "", "", ""], "retweet_count": 0, "id": "253670040405164033"}, {"retweet_history": [{"followers_count": 167, "retweet_time": "20121004015307", "id": "619125007", "profile_image_url": "http://a0.twimg.com/profile_images/2759731225/9f4e5f3ba4ac98c766c0e1662f58aa29_normal.jpeg", "screen_name": "miss_mariap"}], "creator": {"creator_img": "http://a0.twimg.com/profile_images/2759731225/9f4e5f3ba4ac98c766c0e1662f58aa29_normal.jpeg", "id": "619125007", "creator": "miss_mariap"}, "text": "\"@HopeDOvidio: But today's about mean girls\" RETWEET RETWEET RETWEET RETWEET", "created_at": "20121004015307", "rank": 334, "time": ["", "", "", "", "", "", "", "", "20121004015307", "", "", "", "", ""], "retweet_count": 2, "id": "253674075795361792"}, {"retweet_history": [{"followers_count": 168, "retweet_time": "20121004015340", "id": "44161169", "profile_image_url": "http://a0.twimg.com/profile_images/2707661128/a673675420d29cf929e09bece50d0cd2_normal.jpeg", "screen_name": "gretlars"}], "creator": {"creator_img": "http://a0.twimg.com/profile_images/2707661128/a673675420d29cf929e09bece50d0cd2_normal.jpeg", "id": "44161169", "creator": "gretlars"}, "text": "Retweet on retweet on retweet #srynotsry", "created_at": "20121004015340", "rank": 0, "time": ["", "", "", "", "", "", "", "", "20121004015340", "", "", "", "", ""], "retweet_count": 0, "id": "253674216656867328"}, {"retweet_history": [{"followers_count": 1173, "retweet_time": "20121004020120", "id": "413452411", "profile_image_url": "http://a0.twimg.com/profile_images/2798547656/7d48d84df4eed81c23a1f853d0ff5e21_normal.jpeg", "screen_name": "NowGrace_"}], "creator": {"creator_img": "http://a0.twimg.com/profile_images/2798547656/7d48d84df4eed81c23a1f853d0ff5e21_normal.jpeg", "id": "413452411", "creator": "NowGrace_"}, "text": "me on twitter: \"Retweet retweet retweet\" x1000", "created_at": "20121004020120", "rank": 1173, "time": ["", "", "", "", "", "", "", "", "20121004020120", "", "", "", "", ""], "retweet_count": 1, "id": "253676143192973315"}, {"retweet_history": [{"followers_count": 307, "retweet_time": "20121004021216", "id": "228827925", "profile_image_url": "http://a0.twimg.com/profile_images/2738831674/566e83dc95cdb9702204f2b4a70e4100_normal.jpeg", "screen_name": "ranyaa0x"}], "creator": {"creator_img": "http://a0.twimg.com/profile_images/2738831674/566e83dc95cdb9702204f2b4a70e4100_normal.jpeg", "id": "228827925", "creator": "ranyaa0x"}, "text": "Retweet retweet retweet... All I'm doing right now", "created_at": "20121004021216", "rank": 0, "time": ["", "", "", "", "", "", "", "", "20121004021216", "", "", "", "", ""], "retweet_count": 0, "id": "253678895612694528"}, {"retweet_history": [{"followers_count": 2121, "retweet_time": "20121004022029", "id": "73211372", "profile_image_url": "http://a0.twimg.com/profile_images/2775087652/2d876b3f3624927bfdc4a88d4c74d1aa_normal.jpeg", "screen_name": "____illSlapAHOE"}], "creator": {"creator_img": "http://a0.twimg.com/profile_images/2793970352/d9467039c1f18266f85e43bfa104e1e8_normal.jpeg", "id": "143892501", "creator": "_PrettyTHUGG_"}, "text": "S/o's #RETWEET ^_^ \ud83d\udc99\nS/o's #RETWEET ^_^ \ud83d\udc99\nS/o's #RETWEET ^_^ \ud83d\udc99\nS/o's #RETWEET ^_^ \ud83d\udc99\nS/o's #RETWEET ^_^ \ud83d\udc99\nS/o's #RETWEET ^_^ \ud83d\udc99", "created_at": "20121004021923", "rank": 21210, "time": ["", "", "", "", "", "", "", "", "20121004021923", "", "", "", "", ""], "retweet_count": 10, "id": "253680687750709248"}, {"retweet_history": [{"followers_count": 190, "retweet_time": "20121004023123", "id": "233972971", "profile_image_url": "http://a0.twimg.com/profile_images/1842163372/profile_normal.jpg", "screen_name": "MzGold88"}], "creator": {"creator_img": "http://a0.twimg.com/profile_images/1842163372/profile_normal.jpg", "id": "233972971", "creator": "MzGold88"}, "text": "@Dbaby_007 uuuuuhhh how u gon retweet a retweet that say retweet an cnt nobody retweet it!!!!!!!", "created_at": "20121004023123", "rank": 0, "time": ["", "", "", "", "", "", "", "", "20121004023123", "", "", "", "", ""], "retweet_count": 0, "id": "253683705757962241"}, {"retweet_history": [{"followers_count": 400, "retweet_time": "20121004040533", "id": "497991362", "profile_image_url": "http://a0.twimg.com/profile_images/2499620643/dwight_normal.jpg", "screen_name": "Lakersfan20001"}, {"followers_count": 56, "retweet_time": "20121004051245", "id": "794098578", "profile_image_url": "http://a0.twimg.com/profile_images/2635596302/094d8d08f1a660222b84e407c8db951e_normal.jpeg", "screen_name": "WillBR9"}], "creator": {"creator_img": "http://a0.twimg.com/profile_images/2071426260/WorkoutH_normal.jpg", "id": "548850667", "creator": "WorkoutHumor"}, "text": "@workouthumor Is following 3 more Followers!  #RETWEET #RETWEET  #RETWEET  #RETWEET #FOLLOWBACK", "created_at": "20121004040430", "rank": 2698176, "time": ["", "", "", "", "", "", "", "", "20121004040430", "", "", "", "", ""], "retweet_count": 52, "id": "253707138722058240"}, {"retweet_history": [{"followers_count": 532, "retweet_time": "20121004051400", "id": "380692518", "profile_image_url": "http://a0.twimg.com/profile_images/2814676653/5b769a97bd1e233b57c28349766ec4c2_normal.jpeg", "screen_name": "bvbby"}], "creator": {"creator_img": "http://a0.twimg.com/profile_images/2814676653/5b769a97bd1e233b57c28349766ec4c2_normal.jpeg", "id": "380692518", "creator": "bvbby"}, "text": "every funny joke is a retweet of a retweet of a retweet", "created_at": "20121004051400", "rank": 532, "time": ["", "", "", "", "", "", "", "", "20121004051400", "", "", "", "", ""], "retweet_count": 1, "id": "253724630219644928"}], "start": "20121004012127", "end": "20121004051400", "name": "RETWEET"}, {"content": [{"retweet_history": [{"followers_count": 256, "retweet_time": "20121004004043", "id": "339467938", "profile_image_url": "http://a0.twimg.com/profile_images/2703650549/d1ec04a58f6aeaf10fd84dc8a1aaf3de_normal.jpeg", "screen_name": "St8barbie"}], "creator": {"creator_img": "http://a0.twimg.com/profile_images/2703650549/d1ec04a58f6aeaf10fd84dc8a1aaf3de_normal.jpeg", "id": "339467938", "creator": "St8barbie"}, "text": "\u201cBitches That Jump Bad On Twitter&amp;Slick Dis...But Ya Can't Pay Them Ta Open There Mouth Wen You See Them  #StupidHoe\u201d", "created_at": "20121004004043", "rank": 0, "time": ["", "", "", "", "", "", "", "", "", "20121004004043", "", "", "", ""], "retweet_count": 0, "id": "253655855587807233"}, {"retweet_history": [{"followers_count": 63, "retweet_time": "20121004012628", "id": "460627243", "profile_image_url": "http://a0.twimg.com/profile_images/2614601463/e25kbgq68xwemlqzoe5j_normal.jpeg", "screen_name": "Craziiii_D"}], "creator": {"creator_img": "http://a0.twimg.com/profile_images/2614601463/e25kbgq68xwemlqzoe5j_normal.jpeg", "id": "460627243", "creator": "Craziiii_D"}, "text": "REALLY?? this dude really started talking about people on Food Stamps? That's how you lose votes. #dumbass #stupidhoe", "created_at": "20121004012628", "rank": 0, "time": ["", "", "", "", "", "", "", "", "", "20121004012628", "", "", "", ""], "retweet_count": 0, "id": "253667370034417664"}, {"retweet_history": [{"followers_count": 206, "retweet_time": "20121004013231", "id": "320851037", "profile_image_url": "http://a0.twimg.com/profile_images/2787046769/27d0356dde067b7172d0ce8bba26b4af_normal.jpeg", "screen_name": "LSembly"}], "creator": {"creator_img": "http://a0.twimg.com/profile_images/2787046769/27d0356dde067b7172d0ce8bba26b4af_normal.jpeg", "id": "320851037", "creator": "LSembly"}, "text": "bitch idgaf if i cant vote! I'LL SAY WHAT I WANT ABOUT THIS MF ELECTION ON MY MF TWITTER. #stupidhoe", "created_at": "20121004013231", "rank": 0, "time": ["", "", "", "", "", "", "", "", "", "20121004013231", "", "", "", ""], "retweet_count": 0, "id": "253668892541612032"}, {"retweet_history": [{"followers_count": 243, "retweet_time": "20121004015551", "id": "259992134", "profile_image_url": "http://a0.twimg.com/profile_images/2692845684/b29ae4be3f525b7fd2c99b658452198b_normal.jpeg", "screen_name": "broncosbitch84"}], "creator": {"creator_img": "http://a0.twimg.com/profile_images/2692845684/b29ae4be3f525b7fd2c99b658452198b_normal.jpeg", "id": "259992134", "creator": "broncosbitch84"}, "text": "If you're going to tell me that I only like obama cause he's black, you need to hop of my timeline..immediately #wrong #stupidhoe", "created_at": "20121004015551", "rank": 0, "time": ["", "", "", "", "", "", "", "", "", "20121004015551", "", "", "", ""], "retweet_count": 0, "id": "253674765661917185"}, {"retweet_history": [{"followers_count": 3388, "retweet_time": "20121004030917", "id": "21149618", "profile_image_url": "http://a0.twimg.com/profile_images/2699150426/efaf9ed7e88212efe61ec558d02df91e_normal.png", "screen_name": "mrleroi"}], "creator": {"creator_img": "http://a0.twimg.com/profile_images/2699150426/efaf9ed7e88212efe61ec558d02df91e_normal.png", "id": "21149618", "creator": "mrleroi"}, "text": "WATCH: Nicki Minaj Loses It, Curses Out Mariah Carey http://t.co/FrjTw9oU #stupidhoe", "created_at": "20121004030917", "rank": 0, "time": ["", "", "", "", "", "", "", "", "", "20121004030917", "", "", "", ""], "retweet_count": 0, "id": "253693242330185728"}, {"retweet_history": [{"followers_count": 446, "retweet_time": "20121004031631", "id": "535867806", "profile_image_url": "http://a0.twimg.com/profile_images/2577962956/image_normal.jpg", "screen_name": "ShelbyDavis88"}], "creator": {"creator_img": "http://a0.twimg.com/profile_images/2577962956/image_normal.jpg", "id": "535867806", "creator": "ShelbyDavis88"}, "text": "Is it really that hard to leave her alone ? #Obsessed? #dumbass #stupidhoe", "created_at": "20121004031631", "rank": 0, "time": ["", "", "", "", "", "", "", "", "", "20121004031631", "", "", "", ""], "retweet_count": 0, "id": "253695066042937344"}, {"retweet_history": [{"followers_count": 185, "retweet_time": "20121004032437", "id": "307070905", "profile_image_url": "http://a0.twimg.com/profile_images/2703682687/3afc4132ef0142aca2c644fe9a24b8c2_normal.jpeg", "screen_name": "nate_wyyyt"}], "creator": {"creator_img": "http://a0.twimg.com/profile_images/2703682687/3afc4132ef0142aca2c644fe9a24b8c2_normal.jpeg", "id": "307070905", "creator": "nate_wyyyt"}, "text": "When people say 'except' instead of 'accept' or vice-versa&lt;&lt;&lt;&lt; -___- #stupidhoe #English #grammar #bitch", "created_at": "20121004032437", "rank": 0, "time": ["", "", "", "", "", "", "", "", "", "20121004032437", "", "", "", ""], "retweet_count": 0, "id": "253697102939561984"}, {"retweet_history": [{"followers_count": 85, "retweet_time": "20121004040239", "id": "198033084", "profile_image_url": "http://a0.twimg.com/profile_images/2750757541/f11249aef66fd36bde3a475ebc07e3ea_normal.jpeg", "screen_name": "_Babe_Ruthless_"}], "creator": {"creator_img": "http://a0.twimg.com/profile_images/2750757541/f11249aef66fd36bde3a475ebc07e3ea_normal.jpeg", "id": "198033084", "creator": "_Babe_Ruthless_"}, "text": "#StupidHoe", "created_at": "20121004040239", "rank": 0, "time": ["", "", "", "", "", "", "", "", "", "20121004040239", "", "", "", ""], "retweet_count": 0, "id": "253706675171774464"}, {"retweet_history": [{"followers_count": 166, "retweet_time": "20121004040443", "id": "331250456", "profile_image_url": "http://a0.twimg.com/profile_images/2769322831/3d9c8c7b2f061f42331ef28821e38309_normal.png", "screen_name": "jaayy_SUPREME"}], "creator": {"creator_img": "http://a0.twimg.com/profile_images/2769322831/3d9c8c7b2f061f42331ef28821e38309_normal.png", "id": "331250456", "creator": "jaayy_SUPREME"}, "text": "lmfao nicki minaj is a #stupidhoe", "created_at": "20121004040443", "rank": 0, "time": ["", "", "", "", "", "", "", "", "", "20121004040443", "", "", "", ""], "retweet_count": 0, "id": "253707195718434816"}, {"retweet_history": [{"followers_count": 174, "retweet_time": "20121004040500", "id": "432716767", "profile_image_url": "http://a0.twimg.com/profile_images/2296004342/image_normal.jpg", "screen_name": "lyc_a"}], "creator": {"creator_img": "http://a0.twimg.com/profile_images/2296004342/image_normal.jpg", "id": "432716767", "creator": "lyc_a"}, "text": "\"@simplyyisaac: If you dont \"give a fuck\" about the govt and what goes on dont fucking bitch when its in the shitter #stupidhoe\" #PREACH!", "created_at": "20121004040500", "rank": 174, "time": ["", "", "", "", "", "", "", "", "", "20121004040500", "", "", "", ""], "retweet_count": 1, "id": "253707266723827712"}], "start": "20121004004043", "end": "20121004040500", "name": "StupidHoe"}, {"content": [{"retweet_history": [{"followers_count": 241, "retweet_time": "20121004010906", "id": "393126398", "profile_image_url": "http://a0.twimg.com/profile_images/2743671933/f53589513c554993367dbc1ae82c177b_normal.jpeg", "screen_name": "scomeaution"}], "creator": {"creator_img": "http://a0.twimg.com/profile_images/2743671933/f53589513c554993367dbc1ae82c177b_normal.jpeg", "id": "393126398", "creator": "scomeaution"}, "text": "@isatonyou TRUTH TRUTH TRUTH TRUTH", "created_at": "20121004010906", "rank": 0, "time": ["", "", "", "", "", "", "", "", "", "", "20121004010906", "", "", ""], "retweet_count": 0, "id": "253663000785981440"}, {"retweet_history": [{"followers_count": 212, "retweet_time": "20121004012034", "id": "15075835", "profile_image_url": "http://a0.twimg.com/profile_images/1318006046/188614_1678677245769_1202640008_31560048_4464923_n_normal.jpg", "screen_name": "hbelam"}], "creator": {"creator_img": "http://a0.twimg.com/profile_images/1318006046/188614_1678677245769_1202640008_31560048_4464923_n_normal.jpg", "id": "15075835", "creator": "hbelam"}, "text": "@ebethanne truth. So much truth.", "created_at": "20121004012034", "rank": 0, "time": ["", "", "", "", "", "", "", "", "", "", "20121004012034", "", "", ""], "retweet_count": 0, "id": "253665885938655232"}, {"retweet_history": [{"followers_count": 262, "retweet_time": "20121004014505", "id": "266731574", "profile_image_url": "http://a0.twimg.com/profile_images/2775620967/334f50b2a18ae0e37fa3556d3a1daa3d_normal.jpeg", "screen_name": "R0B3RTTT"}], "creator": {"creator_img": "http://a0.twimg.com/profile_images/2775620967/334f50b2a18ae0e37fa3556d3a1daa3d_normal.jpeg", "id": "266731574", "creator": "R0B3RTTT"}, "text": "@whaaduppitszaac Truth my nigga, truth.", "created_at": "20121004014505", "rank": 0, "time": ["", "", "", "", "", "", "", "", "", "", "20121004014505", "", "", ""], "retweet_count": 0, "id": "253672055365586944"}, {"retweet_history": [{"followers_count": 340, "retweet_time": "20121004014823", "id": "349222101", "profile_image_url": "http://a0.twimg.com/profile_images/1615816367/sh_normal.jpg", "screen_name": "SonjaHHarris"}], "creator": {"creator_img": "http://a0.twimg.com/profile_images/1615816367/sh_normal.jpg", "id": "349222101", "creator": "SonjaHHarris"}, "text": "#obama tell the truth tell the truth tell the truth you just can't can you?", "created_at": "20121004014823", "rank": 0, "time": ["", "", "", "", "", "", "", "", "", "", "20121004014823", "", "", ""], "retweet_count": 0, "id": "253672883589627907"}, {"retweet_history": [{"followers_count": 94, "retweet_time": "20121004015017", "id": "298270855", "profile_image_url": "http://a0.twimg.com/profile_images/1565555372/image_normal.jpg", "screen_name": "JKerbs20"}], "creator": {"creator_img": "http://a0.twimg.com/profile_images/1565555372/image_normal.jpg", "id": "298270855", "creator": "JKerbs20"}, "text": "@BDavis_42 That's the truth truth!", "created_at": "20121004015017", "rank": 0, "time": ["", "", "", "", "", "", "", "", "", "", "20121004015017", "", "", ""], "retweet_count": 0, "id": "253673364445622272"}, {"retweet_history": [{"followers_count": 967, "retweet_time": "20121004015110", "id": "510557852", "profile_image_url": "http://a0.twimg.com/profile_images/2552926538/image_normal.jpg", "screen_name": "PolarisJones"}], "creator": {"creator_img": "http://a0.twimg.com/profile_images/2552926538/image_normal.jpg", "id": "510557852", "creator": "PolarisJones"}, "text": "@happyloner truth is truth .....:)", "created_at": "20121004015110", "rank": 0, "time": ["", "", "", "", "", "", "", "", "", "", "20121004015110", "", "", ""], "retweet_count": 0, "id": "253673587637121025"}, {"retweet_history": [{"followers_count": 160, "retweet_time": "20121004021819", "id": "73978374", "profile_image_url": "http://a0.twimg.com/profile_images/2331947706/37f508gpdz0ugnazfoxr_normal.jpeg", "screen_name": "innanat"}], "creator": {"creator_img": "http://a0.twimg.com/profile_images/2331947706/37f508gpdz0ugnazfoxr_normal.jpeg", "id": "73978374", "creator": "innanat"}, "text": "The truth is....well, I mean the truth...truth #debates", "created_at": "20121004021819", "rank": 0, "time": ["", "", "", "", "", "", "", "", "", "", "20121004021819", "", "", ""], "retweet_count": 0, "id": "253680418346381312"}, {"retweet_history": [{"followers_count": 11, "retweet_time": "20121004023227", "id": "376960996", "profile_image_url": "http://a0.twimg.com/profile_images/2205839118/Lenee_Cole_normal.jpg", "screen_name": "PrincessDarsell"}], "creator": {"creator_img": "http://a0.twimg.com/profile_images/2205839118/Lenee_Cole_normal.jpg", "id": "376960996", "creator": "PrincessDarsell"}, "text": "@Kindredthefam that is the truth and nothing but the truth", "created_at": "20121004023227", "rank": 0, "time": ["", "", "", "", "", "", "", "", "", "", "20121004023227", "", "", ""], "retweet_count": 0, "id": "253683975703392257"}, {"retweet_history": [{"followers_count": 1327, "retweet_time": "20121004025226", "id": "33676590", "profile_image_url": "http://a0.twimg.com/profile_images/1861618705/image_normal.jpg", "screen_name": "Leeny420"}], "creator": {"creator_img": "http://a0.twimg.com/profile_images/1861618705/image_normal.jpg", "id": "33676590", "creator": "Leeny420"}, "text": "#truth is #truth.", "created_at": "20121004025226", "rank": 0, "time": ["", "", "", "", "", "", "", "", "", "", "20121004025226", "", "", ""], "retweet_count": 0, "id": "253689005424652288"}, {"retweet_history": [{"followers_count": 802, "retweet_time": "20121004033420", "id": "411321901", "profile_image_url": "http://a0.twimg.com/profile_images/2778742126/7a9429476e767485f4238e9656c461d7_normal.jpeg", "screen_name": "_allyiah"}], "creator": {"creator_img": "http://a0.twimg.com/profile_images/2778742126/7a9429476e767485f4238e9656c461d7_normal.jpeg", "id": "411321901", "creator": "_allyiah"}, "text": "@jman1029 Lmfao the truth is the truth!", "created_at": "20121004033420", "rank": 0, "time": ["", "", "", "", "", "", "", "", "", "", "20121004033420", "", "", ""], "retweet_count": 0, "id": "253699546583015424"}], "start": "20121004003530", "end": "20121004033420", "name": "Truth"}, {"content": [{"retweet_history": [{"followers_count": 292, "retweet_time": "20121004015848", "id": "45141723", "profile_image_url": "http://a0.twimg.com/profile_images/2505991475/image_normal.jpg", "screen_name": "ReeRee18"}], "creator": {"creator_img": "http://a0.twimg.com/profile_images/2780223441/11e714d8eb4833211c255b64f0e3c572_normal.jpeg", "id": "308998490", "creator": "AlabamaFollower"}, "text": "#presidentialdebate #presidentialdebate #presidentialdebate #presidentialdebate #presidentialdebate #presidentialdebate #presidentialdebate", "created_at": "20121003224126", "rank": 423160, "time": ["", "", "", "", "", "", "", "", "", "", "", "20121003224126", "", ""], "retweet_count": 20, "id": "253625835762900992"}, {"retweet_history": [{"followers_count": 83, "retweet_time": "20121004010530", "id": "157732183", "profile_image_url": "http://a0.twimg.com/profile_images/2572164196/image_normal.jpg", "screen_name": "DanAshWar"}], "creator": {"creator_img": "http://a0.twimg.com/profile_images/2572164196/image_normal.jpg", "id": "157732183", "creator": "DanAshWar"}, "text": "#PresidentialDebate", "created_at": "20121004010530", "rank": 0, "time": ["", "", "", "", "", "", "", "", "", "", "", "20121004010530", "", ""], "retweet_count": 0, "id": "253662093323153408"}, {"retweet_history": [{"followers_count": 18, "retweet_time": "20121004010548", "id": "260560915", "profile_image_url": "http://a0.twimg.com/profile_images/2502603499/image_normal.jpg", "screen_name": "Donjuanpena"}], "creator": {"creator_img": "http://a0.twimg.com/profile_images/2502603499/image_normal.jpg", "id": "260560915", "creator": "Donjuanpena"}, "text": "#presidentialdebate it's on", "created_at": "20121004010548", "rank": 0, "time": ["", "", "", "", "", "", "", "", "", "", "", "20121004010548", "", ""], "retweet_count": 0, "id": "253662167855923200"}, {"retweet_history": [{"followers_count": 210, "retweet_time": "20121004010555", "id": "50894425", "profile_image_url": "http://a0.twimg.com/profile_images/2446848380/image_normal.jpg", "screen_name": "DaTkIdRy"}], "creator": {"creator_img": "http://a0.twimg.com/profile_images/2446848380/image_normal.jpg", "id": "50894425", "creator": "DaTkIdRy"}, "text": "#presidentialdebate", "created_at": "20121004010555", "rank": 0, "time": ["", "", "", "", "", "", "", "", "", "", "", "20121004010555", "", ""], "retweet_count": 0, "id": "253662197161533440"}, {"retweet_history": [{"followers_count": 504, "retweet_time": "20121004010634", "id": "40171744", "profile_image_url": "http://a0.twimg.com/profile_images/2761529477/de140faeeaab2eaf9216a79ef0d60d61_normal.png", "screen_name": "neishafbaby09"}], "creator": {"creator_img": "http://a0.twimg.com/profile_images/2761529477/de140faeeaab2eaf9216a79ef0d60d61_normal.png", "id": "40171744", "creator": "neishafbaby09"}, "text": "#presidentialdebate!!!!! (:", "created_at": "20121004010634", "rank": 504, "time": ["", "", "", "", "", "", "", "", "", "", "", "20121004010634", "", ""], "retweet_count": 1, "id": "253662360680677377"}, {"retweet_history": [{"followers_count": 660, "retweet_time": "20121004010648", "id": "320996815", "profile_image_url": "http://a0.twimg.com/profile_images/2755112844/d8a0ff1207abc8ae1408c5448525850d_normal.jpeg", "screen_name": "UNTNAACP"}], "creator": {"creator_img": "http://a0.twimg.com/profile_images/2755112844/d8a0ff1207abc8ae1408c5448525850d_normal.jpeg", "id": "320996815", "creator": "UNTNAACP"}, "text": "#PresidentialDebate", "created_at": "20121004010648", "rank": 660, "time": ["", "", "", "", "", "", "", "", "", "", "", "20121004010648", "", ""], "retweet_count": 1, "id": "253662422315970560"}, {"retweet_history": [{"followers_count": 471, "retweet_time": "20121004010653", "id": "22981102", "profile_image_url": "http://a0.twimg.com/profile_images/2585686652/profile_normal.jpg", "screen_name": "Boliviana914"}], "creator": {"creator_img": "http://a0.twimg.com/profile_images/2585686652/profile_normal.jpg", "id": "22981102", "creator": "Boliviana914"}, "text": "#PresidentialDebate", "created_at": "20121004010653", "rank": 471, "time": ["", "", "", "", "", "", "", "", "", "", "", "20121004010653", "", ""], "retweet_count": 1, "id": "253662443157458946"}, {"retweet_history": [{"followers_count": 93, "retweet_time": "20121004010658", "id": "330426971", "profile_image_url": "http://a0.twimg.com/profile_images/2797716680/e8cf8ca92598694408a3061a2f94016c_normal.jpeg", "screen_name": "xo_EJ"}], "creator": {"creator_img": "http://a0.twimg.com/profile_images/2797716680/e8cf8ca92598694408a3061a2f94016c_normal.jpeg", "id": "330426971", "creator": "xo_EJ"}, "text": "#PresidentialDebate", "created_at": "20121004010658", "rank": 0, "time": ["", "", "", "", "", "", "", "", "", "", "", "20121004010658", "", ""], "retweet_count": 0, "id": "253662461532729344"}, {"retweet_history": [{"followers_count": 34, "retweet_time": "20121004011539", "id": "253878615", "profile_image_url": "http://a0.twimg.com/profile_images/2704184344/6356a0f164d13dd1578586acf3b19fe0_normal.jpeg", "screen_name": "Yari_Jimenez17"}], "creator": {"creator_img": "http://a0.twimg.com/profile_images/2704184344/6356a0f164d13dd1578586acf3b19fe0_normal.jpeg", "id": "253878615", "creator": "Yari_Jimenez17"}, "text": "#presidentialdebate\nWatching the #PresidentialDebate...Nov2012", "created_at": "20121004011539", "rank": 0, "time": ["", "", "", "", "", "", "", "", "", "", "", "20121004011539", "", ""], "retweet_count": 0, "id": "253664647864000513"}, {"retweet_history": [{"followers_count": 34, "retweet_time": "20121004011552", "id": "253878615", "profile_image_url": "http://a0.twimg.com/profile_images/2704184344/6356a0f164d13dd1578586acf3b19fe0_normal.jpeg", "screen_name": "Yari_Jimenez17"}], "creator": {"creator_img": "http://a0.twimg.com/profile_images/2704184344/6356a0f164d13dd1578586acf3b19fe0_normal.jpeg", "id": "253878615", "creator": "Yari_Jimenez17"}, "text": "#presidentialdebate Watching the #PresidentialDebate...Nov2012\n#Obama", "created_at": "20121004011552", "rank": 0, "time": ["", "", "", "", "", "", "", "", "", "", "", "20121004011552", "", ""], "retweet_count": 0, "id": "253664702536757248"}], "start": "20121004010529", "end": "20121004011552", "name": "presidentialdebate"}, {"content": [{"retweet_history": [{"followers_count": 13988, "retweet_time": "20121004012153", "id": "765846944", "profile_image_url": "http://a0.twimg.com/profile_images/2705058780/8e235b88da26f8975edcb1817ced997a_normal.jpeg", "screen_name": "Unstoppable1996"}], "creator": {"creator_img": "http://a0.twimg.com/profile_images/2705058780/8e235b88da26f8975edcb1817ced997a_normal.jpeg", "id": "765846944", "creator": "Unstoppable1996"}, "text": "\u76f8\u4e92\u30d5\u30a9\u30ed\u30fc\u52df\u96c6\u4e2d\uff01  #\u76f8\u4e92\uff8c\uff6b\uff9b- #AUTOFOLLOWBACK #FOLLOWME #AUTOFOLLOW #SOUGOFOLLOW", "created_at": "20121004012153", "rank": 13988, "time": ["", "", "", "", "", "", "", "", "", "", "", "", "20121004012153", ""], "retweet_count": 1, "id": "253666217984929792"}, {"retweet_history": [{"followers_count": 13988, "retweet_time": "20121004013107", "id": "765846944", "profile_image_url": "http://a0.twimg.com/profile_images/2705058780/8e235b88da26f8975edcb1817ced997a_normal.jpeg", "screen_name": "Unstoppable1996"}], "creator": {"creator_img": "http://a0.twimg.com/profile_images/2705058780/8e235b88da26f8975edcb1817ced997a_normal.jpeg", "id": "765846944", "creator": "Unstoppable1996"}, "text": "#follow #followme #follow_the_Best #sougofollow #autofollow", "created_at": "20121004013107", "rank": 0, "time": ["", "", "", "", "", "", "", "", "", "", "", "", "20121004013107", ""], "retweet_count": 0, "id": "253668541281230849"}, {"retweet_history": [{"followers_count": 416, "retweet_time": "20121004013952", "id": "334108702", "profile_image_url": "http://a0.twimg.com/profile_images/2746239656/67a8e3ccd709d7237df5fab1489f5635_normal.jpeg", "screen_name": "3icecubes"}], "creator": {"creator_img": "http://a0.twimg.com/profile_images/2746239656/67a8e3ccd709d7237df5fab1489f5635_normal.jpeg", "id": "334108702", "creator": "3icecubes"}, "text": "If you are a #democrat and proud, #followme!!!!", "created_at": "20121004013952", "rank": 416, "time": ["", "", "", "", "", "", "", "", "", "", "", "", "20121004013952", ""], "retweet_count": 1, "id": "253670743391485954"}, {"retweet_history": [{"followers_count": 418, "retweet_time": "20121004014849", "id": "185892110", "profile_image_url": "http://a0.twimg.com/profile_images/2674203547/3d12fe4aa183a57bfaaf9ef2e7451c3e_normal.png", "screen_name": "actresstobe49"}], "creator": {"creator_img": "http://a0.twimg.com/profile_images/2674203547/3d12fe4aa183a57bfaaf9ef2e7451c3e_normal.png", "id": "185892110", "creator": "actresstobe49"}, "text": "@tyleroakley I love you lol &lt;3 xx #Followme", "created_at": "20121004014849", "rank": 0, "time": ["", "", "", "", "", "", "", "", "", "", "", "", "20121004014849", ""], "retweet_count": 0, "id": "253672993006432258"}, {"retweet_history": [{"followers_count": 418, "retweet_time": "20121004021914", "id": "185892110", "profile_image_url": "http://a0.twimg.com/profile_images/2674203547/3d12fe4aa183a57bfaaf9ef2e7451c3e_normal.png", "screen_name": "actresstobe49"}], "creator": {"creator_img": "http://a0.twimg.com/profile_images/2674203547/3d12fe4aa183a57bfaaf9ef2e7451c3e_normal.png", "id": "185892110", "creator": "actresstobe49"}, "text": "@ArianaGrande This is why you inspire me (: #Followme", "created_at": "20121004021914", "rank": 0, "time": ["", "", "", "", "", "", "", "", "", "", "", "", "20121004021914", ""], "retweet_count": 0, "id": "253680647795785728"}, {"retweet_history": [{"followers_count": 132, "retweet_time": "20121004023642", "id": "419890507", "profile_image_url": "http://a0.twimg.com/profile_images/2653575609/d6f1068be131f1f05c2df93c1d1f16d3_normal.jpeg", "screen_name": "iamaaronross"}], "creator": {"creator_img": "http://a0.twimg.com/profile_images/2653575609/d6f1068be131f1f05c2df93c1d1f16d3_normal.jpeg", "id": "419890507", "creator": "iamaaronross"}, "text": "#f4f #followforfollow #followme #debate2012 #debates", "created_at": "20121004023642", "rank": 0, "time": ["", "", "", "", "", "", "", "", "", "", "", "", "20121004023642", ""], "retweet_count": 0, "id": "253685046563725312"}, {"retweet_history": [{"followers_count": 815, "retweet_time": "20121004034149", "id": "283266010", "profile_image_url": "http://a0.twimg.com/profile_images/2808666310/45dbae9667f7c5ea7f0c99aae3011904_normal.jpeg", "screen_name": "kristinamv_"}], "creator": {"creator_img": "http://a0.twimg.com/profile_images/2808666310/45dbae9667f7c5ea7f0c99aae3011904_normal.jpeg", "id": "283266010", "creator": "kristinamv_"}, "text": "3 followers til 150 \ud83d\ude2c #Follow4Follow #TeamFollowBack #followme", "created_at": "20121004034149", "rank": 0, "time": ["", "", "", "", "", "", "", "", "", "", "", "", "20121004034149", ""], "retweet_count": 0, "id": "253701432216268801"}, {"retweet_history": [{"followers_count": 334, "retweet_time": "20121004035227", "id": "457294732", "profile_image_url": "http://a0.twimg.com/profile_images/2821308641/9a345838445565104c80c5e3ca146aef_normal.jpeg", "screen_name": "JayBurgoss"}], "creator": {"creator_img": "http://a0.twimg.com/profile_images/2821308641/9a345838445565104c80c5e3ca146aef_normal.jpeg", "id": "457294732", "creator": "JayBurgoss"}, "text": "#followme #teamfollowback", "created_at": "20121004035227", "rank": 0, "time": ["", "", "", "", "", "", "", "", "", "", "", "", "20121004035227", ""], "retweet_count": 0, "id": "253704108383563776"}, {"retweet_history": [{"followers_count": 2503, "retweet_time": "20121004035924", "id": "190528143", "profile_image_url": "http://a0.twimg.com/profile_images/2731232859/b565633c44941adc561b945c68d36042_normal.jpeg", "screen_name": "gioia_jean"}], "creator": {"creator_img": "http://a0.twimg.com/profile_images/2731232859/b565633c44941adc561b945c68d36042_normal.jpeg", "id": "190528143", "creator": "gioia_jean"}, "text": "#followme :) @quegoinin10000 #teamfollowback", "created_at": "20121004035924", "rank": 0, "time": ["", "", "", "", "", "", "", "", "", "", "", "", "20121004035924", ""], "retweet_count": 0, "id": "253705858641440768"}, {"retweet_history": [{"followers_count": 73226, "retweet_time": "20121004045505", "id": "156381381", "profile_image_url": "http://a0.twimg.com/profile_images/2702173952/258ccdaf52c072e59dccb202ef568129_normal.jpeg", "screen_name": "FidelMarreroG"}], "creator": {"creator_img": "http://a0.twimg.com/profile_images/2702173952/258ccdaf52c072e59dccb202ef568129_normal.jpeg", "id": "156381381", "creator": "FidelMarreroG"}, "text": "#TeamFollowBack #AutoFollow #FollowBack #FollowMe #InstantFollow #FollowBack #FollowMe #FF #TFB #SHOUTOUT #Tweets   #FollowFriday", "created_at": "20121004045505", "rank": 73226, "time": ["", "", "", "", "", "", "", "", "", "", "", "", "20121004045505", ""], "retweet_count": 1, "id": "253719868740878336"}], "start": "20121004005730", "end": "20121004045505", "name": "FollowMe"}, {"content": [{"retweet_history": [{"followers_count": 107, "retweet_time": "20121004013853", "id": "25673836", "profile_image_url": "http://a0.twimg.com/profile_images/2768600946/648c6cfde78a51b3e6b7724f1f423c31_normal.jpeg", "screen_name": "jess_say_yes"}], "creator": {"creator_img": "http://a0.twimg.com/profile_images/2768600946/648c6cfde78a51b3e6b7724f1f423c31_normal.jpeg", "id": "25673836", "creator": "jess_say_yes"}, "text": "bet*", "created_at": "20121004013853", "rank": 0, "time": ["", "", "", "", "", "", "", "", "", "", "", "", "", "20121004013853"], "retweet_count": 0, "id": "253670493918470144"}, {"retweet_history": [{"followers_count": 333, "retweet_time": "20121004022546", "id": "280259373", "profile_image_url": "http://a0.twimg.com/profile_images/2833567121/e440ce6f41066d02d575f49f2c3a51e4_normal.jpeg", "screen_name": "ChanceHuth"}], "creator": {"creator_img": "http://a0.twimg.com/profile_images/2833567121/e440ce6f41066d02d575f49f2c3a51e4_normal.jpeg", "id": "280259373", "creator": "ChanceHuth"}, "text": "I bet", "created_at": "20121004022546", "rank": 0, "time": ["", "", "", "", "", "", "", "", "", "", "", "", "", "20121004022546"], "retweet_count": 0, "id": "253682291203772416"}, {"retweet_history": [{"followers_count": 527, "retweet_time": "20121004025519", "id": "262491158", "profile_image_url": "http://a0.twimg.com/profile_images/2746699438/d5a411fe686fce360d8070ea7a16055d_normal.jpeg", "screen_name": "OVOAndrea"}], "creator": {"creator_img": "http://a0.twimg.com/profile_images/2473496266/image_normal.jpg", "id": "401092979", "creator": "DrizzyDreee_"}, "text": "@OVOAndrea bet bet", "created_at": "20121004025219", "rank": 527, "time": ["", "", "", "", "", "", "", "", "", "", "", "", "", "20121004025219"], "retweet_count": 1, "id": "253688973187235840"}, {"retweet_history": [{"followers_count": 421, "retweet_time": "20121004025228", "id": "444287655", "profile_image_url": "http://a0.twimg.com/profile_images/2728211810/314f5463cb827b5dbe598f92a6f86601_normal.jpeg", "screen_name": "meganislulzfish"}], "creator": {"creator_img": "http://a0.twimg.com/profile_images/2728211810/314f5463cb827b5dbe598f92a6f86601_normal.jpeg", "id": "444287655", "creator": "meganislulzfish"}, "text": "i bet", "created_at": "20121004025228", "rank": 0, "time": ["", "", "", "", "", "", "", "", "", "", "", "", "", "20121004025228"], "retweet_count": 0, "id": "253689010915000320"}, {"retweet_history": [{"followers_count": 1365, "retweet_time": "20121004025739", "id": "344407895", "profile_image_url": "http://a0.twimg.com/profile_images/2709106201/437a592fd44228c7d8a65e8e831adf3c_normal.jpeg", "screen_name": "PURPnLOVE_"}], "creator": {"creator_img": "http://a0.twimg.com/profile_images/2709106201/437a592fd44228c7d8a65e8e831adf3c_normal.jpeg", "id": "344407895", "creator": "PURPnLOVE_"}, "text": "BET", "created_at": "20121004025739", "rank": 0, "time": ["", "", "", "", "", "", "", "", "", "", "", "", "", "20121004025739"], "retweet_count": 0, "id": "253690317876895744"}, {"retweet_history": [{"followers_count": 480, "retweet_time": "20121004031319", "id": "411998233", "profile_image_url": "http://a0.twimg.com/profile_images/2744140088/fa514cdcdb8c5c35ec79ffce49b7cd6e_normal.jpeg", "screen_name": "EbonyCrockette"}], "creator": {"creator_img": "http://a0.twimg.com/profile_images/2744140088/fa514cdcdb8c5c35ec79ffce49b7cd6e_normal.jpeg", "id": "411998233", "creator": "EbonyCrockette"}, "text": "I bet", "created_at": "20121004031319", "rank": 0, "time": ["", "", "", "", "", "", "", "", "", "", "", "", "", "20121004031319"], "retweet_count": 0, "id": "253694259650248704"}, {"retweet_history": [{"followers_count": 129, "retweet_time": "20121004031832", "id": "628443141", "profile_image_url": "http://a0.twimg.com/profile_images/2773423014/e3820f40e4a5895c5fe4e776578984e3_normal.jpeg", "screen_name": "Britnedenise"}], "creator": {"creator_img": "http://a0.twimg.com/profile_images/2773423014/e3820f40e4a5895c5fe4e776578984e3_normal.jpeg", "id": "628443141", "creator": "Britnedenise"}, "text": "Bet", "created_at": "20121004031832", "rank": 0, "time": ["", "", "", "", "", "", "", "", "", "", "", "", "", "20121004031832"], "retweet_count": 0, "id": "253695571804688384"}, {"retweet_history": [{"followers_count": 3, "retweet_time": "20121004033113", "id": "475895282", "profile_image_url": "http://a0.twimg.com/sticky/default_profile_images/default_profile_2_normal.png", "screen_name": "kenedward33"}], "creator": {"creator_img": "http://a0.twimg.com/sticky/default_profile_images/default_profile_2_normal.png", "id": "475895282", "creator": "kenedward33"}, "text": "You bet", "created_at": "20121004033113", "rank": 0, "time": ["", "", "", "", "", "", "", "", "", "", "", "", "", "20121004033113"], "retweet_count": 0, "id": "253698764643131392"}, {"retweet_history": [{"followers_count": 118, "retweet_time": "20121004035612", "id": "481540726", "profile_image_url": "http://a0.twimg.com/profile_images/2601084073/21B4nrlU_normal", "screen_name": "rachelalinaa"}], "creator": {"creator_img": "http://a0.twimg.com/profile_images/2601084073/21B4nrlU_normal", "id": "481540726", "creator": "rachelalinaa"}, "text": "I bet.", "created_at": "20121004035612", "rank": 0, "time": ["", "", "", "", "", "", "", "", "", "", "", "", "", "20121004035612"], "retweet_count": 0, "id": "253705049610522624"}, {"retweet_history": [{"followers_count": 347, "retweet_time": "20121004035706", "id": "89606351", "profile_image_url": "http://a0.twimg.com/profile_images/2319595413/image_normal.jpg", "screen_name": "TonsOf_Fun"}], "creator": {"creator_img": "http://a0.twimg.com/profile_images/2319595413/image_normal.jpg", "id": "89606351", "creator": "TonsOf_Fun"}, "text": "@DiBlanks21 bet bet", "created_at": "20121004035706", "rank": 0, "time": ["", "", "", "", "", "", "", "", "", "", "", "", "", "20121004035706"], "retweet_count": 0, "id": "253705278732779520"}], "start": "20121004012427", "end": "20121004035706", "name": "BET"}], "end": "20121004012427", "users": [{"followers_count": 202, "id": "316250996", "behavior": [1, 0, 0, 0, 0, 0, 0, 0, 0, 0, 0, 0, 0, 0], "screen_name": "Zay__25"}, {"followers_count": 102, "id": "262339645", "behavior": [1, 0, 0, 0, 0, 0, 0, 0, 0, 0, 0, 0, 0, 0], "screen_name": "devonwh"}, {"followers_count": 251, "id": "185015811", "behavior": [1, 0, 0, 0, 0, 0, 0, 0, 0, 0, 0, 0, 0, 0], "screen_name": "raginles"}, {"followers_count": 2004, "id": "312873521", "behavior": [1, 0, 0, 0, 0, 0, 0, 0, 0, 0, 0, 0, 0, 0], "screen_name": "DatCityBoi"}, {"followers_count": 2522, "id": "64048489", "behavior": [1, 0, 0, 0, 0, 0, 0, 0, 0, 0, 0, 0, 0, 0], "screen_name": "AnnaLeeRoze"}, {"followers_count": 256, "id": "339467938", "behavior": [1, 0, 1, 0, 0, 0, 0, 1, 0, 1, 0, 0, 0, 0], "screen_name": "St8barbie"}, {"followers_count": 9, "id": "317399777", "behavior": [0, 1, 0, 0, 0, 0, 0, 0, 0, 0, 0, 0, 0, 0], "screen_name": "nadeemuw"}, {"followers_count": 318, "id": "277788283", "behavior": [0, 1, 0, 0, 0, 0, 0, 0, 0, 0, 0, 0, 0, 0], "screen_name": "ashleybrey_"}, {"followers_count": 75, "id": "555335778", "behavior": [0, 1, 0, 0, 0, 0, 0, 0, 0, 0, 0, 0, 0, 0], "screen_name": "LaChinitaLyn"}, {"followers_count": 209, "id": "295246616", "behavior": [0, 1, 0, 0, 0, 0, 0, 0, 0, 0, 0, 0, 0, 0], "screen_name": "Just_Asian"}, {"followers_count": 0, "id": "836136384", "behavior": [0, 1, 0, 0, 0, 0, 0, 0, 0, 0, 0, 0, 0, 0], "screen_name": "rob_gal1"}, {"followers_count": 438, "id": "65314956", "behavior": [0, 1, 0, 0, 0, 0, 0, 0, 0, 0, 0, 0, 0, 0], "screen_name": "KateHolley"}, {"followers_count": 15934, "id": "195153921", "behavior": [0, 1, 0, 0, 0, 0, 0, 0, 0, 0, 0, 0, 0, 0], "screen_name": "untitledjordan"}, {"followers_count": 1046, "id": "136295215", "behavior": [0, 1, 0, 0, 0, 0, 0, 0, 0, 0, 0, 0, 0, 0], "screen_name": "Pats4Liberty"}, {"followers_count": 985, "id": "67204549", "behavior": [0, 1, 0, 0, 0, 0, 0, 0, 0, 0, 0, 0, 0, 0], "screen_name": "sailortabby"}, {"followers_count": 8, "id": "382983915", "behavior": [0, 1, 0, 0, 0, 0, 0, 0, 0, 0, 0, 0, 0, 0], "screen_name": "Jamesfarley125"}, {"followers_count": 1808, "id": "213106441", "behavior": [0, 0, 1, 0, 0, 0, 0, 0, 0, 0, 0, 0, 0, 0], "screen_name": "JusCallMeMarley"}, {"followers_count": 603, "id": "389858863", "behavior": [0, 0, 1, 0, 0, 0, 0, 0, 0, 0, 0, 0, 0, 0], "screen_name": "SwaggDad_Howard"}, {"followers_count": 232, "id": "739093261", "behavior": [0, 0, 1, 0, 0, 0, 0, 0, 0, 0, 0, 0, 0, 0], "screen_name": "g_hale8"}, {"followers_count": 1874, "id": "127717055", "behavior": [0, 0, 0, 1, 0, 0, 0, 0, 0, 0, 0, 0, 0, 0], "screen_name": "toobadSHEBAD"}, {"followers_count": 241, "id": "48191079", "behavior": [0, 0, 0, 1, 0, 0, 0, 0, 0, 0, 0, 0, 0, 0], "screen_name": "aroth22"}, {"followers_count": 1200, "id": "271790289", "behavior": [0, 0, 0, 1, 0, 0, 0, 0, 0, 0, 0, 0, 0, 0], "screen_name": "dglasscock"}, {"followers_count": 33, "id": "434987298", "behavior": [0, 0, 0, 1, 0, 0, 0, 0, 0, 0, 0, 0, 0, 0], "screen_name": "Pistol_peted24"}, {"followers_count": 354, "id": "538741770", "behavior": [0, 0, 0, 1, 0, 0, 0, 0, 0, 0, 0, 0, 0, 0], "screen_name": "TheBestBlasian"}, {"followers_count": 222, "id": "248481262", "behavior": [0, 0, 0, 1, 0, 0, 0, 0, 0, 0, 0, 0, 0, 0], "screen_name": "Rezzy_Z"}, {"followers_count": 222, "id": "54680814", "behavior": [0, 0, 0, 1, 0, 0, 0, 0, 0, 0, 0, 0, 0, 0], "screen_name": "MoBtheMogul"}, {"followers_count": 180, "id": "20774041", "behavior": [0, 0, 0, 1, 0, 0, 0, 0, 0, 0, 0, 0, 0, 0], "screen_name": "jamilaab"}, {"followers_count": 224, "id": "485235447", "behavior": [0, 0, 0, 1, 0, 0, 0, 0, 0, 0, 0, 0, 0, 0], "screen_name": "CeCe_LovesYou"}, {"followers_count": 115, "id": "149353330", "behavior": [0, 0, 0, 1, 0, 0, 0, 0, 0, 0, 0, 0, 0, 0], "screen_name": "ThatPreppyKid"}, {"followers_count": 340, "id": "304564716", "behavior": [0, 0, 0, 0, 1, 0, 0, 0, 0, 0, 0, 0, 0, 0], "screen_name": "codiereidhewitt"}, {"followers_count": 139, "id": "528757243", "behavior": [0, 0, 0, 0, 1, 0, 0, 0, 0, 0, 0, 0, 0, 0], "screen_name": "AnnaBenHur"}, {"followers_count": 1046, "id": "34144708", "behavior": [0, 0, 0, 0, 1, 0, 0, 0, 0, 0, 0, 0, 0, 0], "screen_name": "KB_Beauty"}, {"followers_count": 7015, "id": "14356660", "behavior": [0, 0, 0, 0, 1, 0, 0, 0, 0, 0, 0, 0, 0, 0], "screen_name": "wogsland"}, {"followers_count": 1214, "id": "323053660", "behavior": [0, 0, 0, 0, 1, 0, 0, 0, 0, 0, 0, 0, 0, 0], "screen_name": "_murderTAYwrote"}, {"followers_count": 126, "id": "75097193", "behavior": [0, 0, 0, 0, 1, 0, 0, 0, 0, 0, 0, 0, 0, 0], "screen_name": "thecozylounge"}, {"followers_count": 248, "id": "381859781", "behavior": [0, 0, 0, 0, 1, 0, 0, 0, 0, 0, 0, 0, 0, 0], "screen_name": "airborneforbes"}, {"followers_count": 157, "id": "766743350", "behavior": [0, 0, 0, 0, 1, 0, 0, 0, 0, 0, 0, 0, 0, 0], "screen_name": "Just_Kadari"}, {"followers_count": 245, "id": "18070033", "behavior": [0, 0, 0, 0, 1, 0, 0, 0, 0, 0, 0, 0, 0, 0], "screen_name": "LynziMarie"}, {"followers_count": 112, "id": "47944849", "behavior": [0, 0, 0, 0, 1, 0, 0, 0, 0, 0, 0, 0, 0, 0], "screen_name": "buckjr_22"}, {"followers_count": 306, "id": "246019336", "behavior": [0, 0, 0, 0, 0, 1, 0, 0, 0, 0, 0, 0, 0, 0], "screen_name": "MarieJuicyy"}, {"followers_count": 360, "id": "264528278", "behavior": [0, 0, 0, 0, 0, 1, 0, 0, 0, 0, 0, 0, 0, 0], "screen_name": "petedaniels123"}, {"followers_count": 245, "id": "302903787", "behavior": [0, 0, 0, 0, 0, 1, 0, 0, 0, 0, 0, 0, 0, 0], "screen_name": "kasie19RU"}, {"followers_count": 1027, "id": "35593427", "behavior": [0, 0, 0, 0, 0, 1, 0, 0, 0, 0, 0, 0, 0, 0], "screen_name": "iNlUVWiTME_8907"}, {"followers_count": 5688, "id": "30751696", "behavior": [0, 0, 0, 0, 0, 1, 0, 0, 0, 0, 0, 0, 0, 0], "screen_name": "KingBishopPro"}, {"followers_count": 565083, "id": "26196055", "behavior": [0, 0, 0, 0, 0, 1, 0, 0, 0, 0, 0, 0, 0, 0], "screen_name": "MilanChrisGordy"}, {"followers_count": 4290, "id": "224011051", "behavior": [0, 0, 0, 0, 0, 1, 0, 0, 0, 0, 0, 0, 0, 0], "screen_name": "iAmMissMichelle"}, {"followers_count": 388, "id": "167090189", "behavior": [0, 0, 0, 0, 0, 1, 0, 0, 0, 0, 0, 0, 0, 0], "screen_name": "JessiGorge_"}, {"followers_count": 137, "id": "15649560", "behavior": [0, 0, 0, 0, 0, 0, 1, 0, 0, 0, 0, 0, 0, 0], "screen_name": "spike1972"}, {"followers_count": 1395, "id": "418786817", "behavior": [0, 0, 0, 0, 0, 0, 1, 0, 0, 0, 0, 0, 0, 0], "screen_name": "_TrueCrackkkkk"}, {"followers_count": 178, "id": "410451963", "behavior": [0, 0, 0, 0, 0, 0, 1, 0, 0, 0, 0, 0, 0, 0], "screen_name": "omgshutupnicole"}, {"followers_count": 986, "id": "188823223", "behavior": [0, 0, 0, 0, 0, 0, 1, 0, 0, 0, 0, 0, 0, 0], "screen_name": "Renaaaex3"}, {"followers_count": 58, "id": "811733690", "behavior": [0, 0, 0, 0, 0, 0, 1, 0, 0, 0, 0, 0, 0, 0], "screen_name": "malikinglou"}, {"followers_count": 460, "id": "314176196", "behavior": [0, 0, 0, 0, 0, 0, 1, 0, 0, 0, 0, 0, 0, 0], "screen_name": "DesireeClark11"}, {"followers_count": 1206, "id": "227859759", "behavior": [0, 0, 0, 0, 0, 0, 1, 0, 0, 0, 0, 0, 0, 0], "screen_name": "cmPeeeaceBaby"}, {"followers_count": 87, "id": "803084360", "behavior": [0, 0, 0, 0, 0, 0, 1, 0, 0, 0, 0, 0, 0, 0], "screen_name": "manveer_saggi8"}, {"followers_count": 817, "id": "350549774", "behavior": [0, 0, 0, 0, 0, 0, 1, 0, 0, 0, 0, 0, 0, 0], "screen_name": "BitterParadisee"}, {"followers_count": 212, "id": "256830299", "behavior": [0, 0, 0, 0, 0, 0, 1, 0, 0, 0, 0, 0, 0, 0], "screen_name": "wildthroneberry"}, {"followers_count": 2121, "id": "73211372", "behavior": [0, 0, 0, 0, 0, 0, 0, 0, 1, 0, 0, 0, 0, 0], "screen_name": "____illSlapAHOE"}, {"followers_count": 168, "id": "44161169", "behavior": [0, 0, 0, 0, 0, 0, 0, 0, 1, 0, 0, 0, 0, 0], "screen_name": "gretlars"}, {"followers_count": 1173, "id": "413452411", "behavior": [0, 0, 0, 0, 0, 0, 0, 0, 1, 0, 0, 0, 0, 0], "screen_name": "NowGrace_"}, {"followers_count": 532, "id": "380692518", "behavior": [0, 0, 0, 0, 0, 0, 0, 0, 1, 0, 0, 0, 0, 0], "screen_name": "bvbby"}, {"followers_count": 167, "id": "619125007", "behavior": [0, 0, 0, 0, 0, 0, 0, 0, 1, 0, 0, 0, 0, 0], "screen_name": "miss_mariap"}, {"followers_count": 307, "id": "228827925", "behavior": [0, 0, 0, 0, 0, 0, 0, 0, 1, 0, 0, 0, 0, 0], "screen_name": "ranyaa0x"}, {"followers_count": 140, "id": "65114198", "behavior": [0, 0, 0, 0, 0, 0, 0, 0, 1, 0, 0, 0, 0, 0], "screen_name": "thegoddesscher"}, {"followers_count": 190, "id": "233972971", "behavior": [0, 0, 0, 0, 0, 0, 0, 0, 1, 0, 0, 0, 0, 0], "screen_name": "MzGold88"}, {"followers_count": 400, "id": "497991362", "behavior": [0, 0, 0, 0, 0, 0, 0, 0, 1, 0, 0, 0, 0, 0], "screen_name": "Lakersfan20001"}, {"followers_count": 56, "id": "794098578", "behavior": [0, 0, 0, 0, 0, 0, 0, 0, 1, 0, 0, 0, 0, 0], "screen_name": "WillBR9"}, {"followers_count": 85, "id": "198033084", "behavior": [0, 0, 0, 0, 0, 0, 0, 0, 0, 1, 0, 0, 0, 0], "screen_name": "_Babe_Ruthless_"}, {"followers_count": 166, "id": "331250456", "behavior": [0, 0, 0, 0, 0, 0, 0, 0, 0, 1, 0, 0, 0, 0], "screen_name": "jaayy_SUPREME"}, {"followers_count": 446, "id": "535867806", "behavior": [0, 0, 0, 0, 0, 0, 0, 0, 0, 1, 0, 0, 0, 0], "screen_name": "ShelbyDavis88"}, {"followers_count": 3388, "id": "21149618", "behavior": [0, 0, 0, 0, 0, 0, 0, 0, 0, 1, 0, 0, 0, 0], "screen_name": "mrleroi"}, {"followers_count": 63, "id": "460627243", "behavior": [0, 0, 0, 0, 0, 0, 0, 0, 0, 1, 0, 0, 0, 0], "screen_name": "Craziiii_D"}, {"followers_count": 206, "id": "320851037", "behavior": [0, 0, 0, 0, 0, 0, 0, 0, 0, 1, 0, 0, 0, 0], "screen_name": "LSembly"}, {"followers_count": 185, "id": "307070905", "behavior": [0, 0, 0, 0, 0, 0, 0, 0, 0, 1, 0, 0, 0, 0], "screen_name": "nate_wyyyt"}, {"followers_count": 174, "id": "432716767", "behavior": [0, 0, 0, 0, 0, 0, 0, 0, 0, 1, 0, 0, 0, 0], "screen_name": "lyc_a"}, {"followers_count": 243, "id": "259992134", "behavior": [0, 0, 0, 0, 0, 0, 0, 0, 0, 1, 0, 0, 0, 0], "screen_name": "broncosbitch84"}, {"followers_count": 241, "id": "393126398", "behavior": [0, 0, 0, 0, 0, 0, 0, 0, 0, 0, 1, 0, 0, 0], "screen_name": "scomeaution"}, {"followers_count": 1327, "id": "33676590", "behavior": [0, 0, 0, 0, 0, 0, 0, 0, 0, 0, 1, 0, 0, 0], "screen_name": "Leeny420"}, {"followers_count": 160, "id": "73978374", "behavior": [0, 0, 0, 0, 0, 0, 0, 0, 0, 0, 1, 0, 0, 0], "screen_name": "innanat"}, {"followers_count": 94, "id": "298270855", "behavior": [0, 0, 0, 0, 0, 0, 0, 0, 0, 0, 1, 0, 0, 0], "screen_name": "JKerbs20"}, {"followers_count": 967, "id": "510557852", "behavior": [0, 0, 0, 0, 0, 0, 0, 0, 0, 0, 1, 0, 0, 0], "screen_name": "PolarisJones"}, {"followers_count": 802, "id": "411321901", "behavior": [0, 0, 0, 0, 0, 0, 0, 0, 0, 0, 1, 0, 0, 0], "screen_name": "_allyiah"}, {"followers_count": 340, "id": "349222101", "behavior": [0, 0, 0, 0, 0, 0, 0, 0, 0, 0, 1, 0, 0, 0], "screen_name": "SonjaHHarris"}, {"followers_count": 212, "id": "15075835", "behavior": [0, 0, 0, 0, 0, 0, 0, 0, 0, 0, 1, 0, 0, 0], "screen_name": "hbelam"}, {"followers_count": 262, "id": "266731574", "behavior": [0, 0, 0, 0, 0, 0, 0, 0, 0, 0, 1, 0, 0, 0], "screen_name": "R0B3RTTT"}, {"followers_count": 11, "id": "376960996", "behavior": [0, 0, 0, 0, 0, 0, 0, 0, 0, 0, 1, 0, 0, 0], "screen_name": "PrincessDarsell"}, {"followers_count": 292, "id": "45141723", "behavior": [0, 0, 0, 0, 0, 0, 0, 0, 0, 0, 0, 1, 0, 0], "screen_name": "ReeRee18"}, {"followers_count": 34, "id": "253878615", "behavior": [0, 0, 0, 0, 0, 0, 0, 0, 0, 0, 0, 1, 0, 0], "screen_name": "Yari_Jimenez17"}, {"followers_count": 18, "id": "260560915", "behavior": [0, 0, 0, 0, 0, 0, 0, 0, 0, 0, 0, 1, 0, 0], "screen_name": "Donjuanpena"}, {"followers_count": 83, "id": "157732183", "behavior": [0, 0, 0, 0, 0, 0, 0, 0, 0, 0, 0, 1, 0, 0], "screen_name": "DanAshWar"}, {"followers_count": 210, "id": "50894425", "behavior": [0, 0, 0, 0, 0, 0, 0, 0, 0, 0, 0, 1, 0, 0], "screen_name": "DaTkIdRy"}, {"followers_count": 93, "id": "330426971", "behavior": [0, 0, 0, 0, 0, 0, 0, 0, 0, 0, 0, 1, 0, 0], "screen_name": "xo_EJ"}, {"followers_count": 471, "id": "22981102", "behavior": [0, 0, 0, 0, 0, 0, 0, 0, 0, 0, 0, 1, 0, 0], "screen_name": "Boliviana914"}, {"followers_count": 660, "id": "320996815", "behavior": [0, 0, 0, 0, 0, 0, 0, 0, 0, 0, 0, 1, 0, 0], "screen_name": "UNTNAACP"}, {"followers_count": 504, "id": "40171744", "behavior": [0, 0, 0, 0, 0, 0, 0, 0, 0, 0, 0, 1, 0, 0], "screen_name": "neishafbaby09"}, {"followers_count": 334, "id": "457294732", "behavior": [0, 0, 0, 0, 0, 0, 0, 0, 0, 0, 0, 0, 1, 0], "screen_name": "JayBurgoss"}, {"followers_count": 416, "id": "334108702", "behavior": [0, 0, 0, 0, 0, 0, 0, 0, 0, 0, 0, 0, 1, 0], "screen_name": "3icecubes"}, {"followers_count": 2503, "id": "190528143", "behavior": [0, 0, 0, 0, 0, 0, 0, 0, 0, 0, 0, 0, 1, 0], "screen_name": "gioia_jean"}, {"followers_count": 73226, "id": "156381381", "behavior": [0, 0, 0, 0, 0, 0, 0, 0, 0, 0, 0, 0, 1, 0], "screen_name": "FidelMarreroG"}, {"followers_count": 13988, "id": "765846944", "behavior": [0, 0, 0, 0, 0, 0, 0, 0, 0, 0, 0, 0, 1, 0], "screen_name": "Unstoppable1996"}, {"followers_count": 418, "id": "185892110", "behavior": [0, 0, 0, 0, 0, 0, 0, 0, 0, 0, 0, 0, 1, 0], "screen_name": "actresstobe49"}, {"followers_count": 132, "id": "419890507", "behavior": [0, 0, 0, 0, 0, 0, 0, 0, 0, 0, 0, 0, 1, 0], "screen_name": "iamaaronross"}, {"followers_count": 815, "id": "283266010", "behavior": [0, 0, 0, 0, 0, 0, 0, 0, 0, 0, 0, 0, 1, 0], "screen_name": "kristinamv_"}, {"followers_count": 347, "id": "89606351", "behavior": [0, 0, 0, 0, 0, 0, 0, 0, 0, 0, 0, 0, 0, 1], "screen_name": "TonsOf_Fun"}, {"followers_count": 527, "id": "262491158", "behavior": [0, 0, 0, 0, 0, 0, 0, 0, 0, 0, 0, 0, 0, 1], "screen_name": "OVOAndrea"}, {"followers_count": 107, "id": "25673836", "behavior": [0, 0, 0, 0, 0, 0, 0, 0, 0, 0, 0, 0, 0, 1], "screen_name": "jess_say_yes"}, {"followers_count": 333, "id": "280259373", "behavior": [0, 0, 0, 0, 0, 0, 0, 0, 0, 0, 0, 0, 0, 1], "screen_name": "ChanceHuth"}, {"followers_count": 421, "id": "444287655", "behavior": [0, 0, 0, 0, 0, 0, 0, 0, 0, 0, 0, 0, 0, 1], "screen_name": "meganislulzfish"}, {"followers_count": 1365, "id": "344407895", "behavior": [0, 0, 0, 0, 0, 0, 0, 0, 0, 0, 0, 0, 0, 1], "screen_name": "PURPnLOVE_"}, {"followers_count": 480, "id": "411998233", "behavior": [0, 0, 0, 0, 0, 0, 0, 0, 0, 0, 0, 0, 0, 1], "screen_name": "EbonyCrockette"}, {"followers_count": 129, "id": "628443141", "behavior": [0, 0, 0, 0, 0, 0, 0, 0, 0, 0, 0, 0, 0, 1], "screen_name": "Britnedenise"}, {"followers_count": 3, "id": "475895282", "behavior": [0, 0, 0, 0, 0, 0, 0, 0, 0, 0, 0, 0, 0, 1], "screen_name": "kenedward33"}, {"followers_count": 118, "id": "481540726", "behavior": [0, 0, 0, 0, 0, 0, 0, 0, 0, 0, 0, 0, 0, 1], "screen_name": "rachelalinaa"}]}